real_name,x1,x2,x3,x4,x5,x6,x7,x8,x9,x10,x11,x12,x13,x14,x15,x16,x17,x18,x19,x20,x21,x22,x23,x24,x25,x26,x27,x28,x29,x30,x31,x32,x33,x34,x35,x36,x37,x38,x39,x40,x41,x42,x43,x44,x45,x46,x47,x48,x49,x50
gen=0_member=0,6.281374224829138,2.9517430959649564,-0.36195856587591635,3.9396289456787486,-2.1376659131604123,-2.2078956866132784,5.430427413855856,9.471780515463495,2.690173677778265,2.588409307497767,6.884986275844463,0.4333909914892935,1.9040484617289613,0.7995301605180476,6.56652747237197,5.256609061431055,2.687604232272344,9.310854551774993,9.906347451515277,-4.674775466343972,-4.717005942016009,2.408477108464959,6.129871009969914,8.66360970301272,2.780940250807422,8.846434560663392,-0.42187096954134784,-2.306733546032894,-0.9623636394970658,-3.868656838344803,4.057106715916316,1.8259356492725987,-3.808068060696535,8.255497447013507,1.5454968064174492,0.5300563782850514,2.0799653903110826,3.04832719595311,3.433777759262105,0.4614223119030214,2.4651708120023006,2.2171013885815354,6.639016671421981,5.040460148060337,-4.728510262006756,-4.156260763755512,9.970837658820665,-2.900440180614007,-3.209142348238906,3.2854757378294455
gen=0_member=1,9.10198615166296,-1.6529781658517337,-3.6704339159498556,7.458372093841049,4.343066154125312,2.930289851530709,4.2938541838258715,-4.726313449063876,4.374057329694223,2.968056612635438,1.270658666323694,6.421547240730922,8.132392053569715,5.378388755548032,9.142800157508773,4.119638176075906,-3.449731807300716,-3.3296937402371554,7.121327631149516,8.077549802675538,2.1510433763553385,4.573168676246061,-1.2644331449024335,-3.343843852230589,2.3083858948878575,-0.4804724055212981,4.703586863988463,0.6099197349878285,-2.6250575444602453,-4.043179764365768,9.361367554628876,6.766241179071061,-1.8733206496216241,3.800619393586148,6.756897676269244,4.9339935081735184,2.375481253411838,3.7174716936382737,1.800905541619512,1.9078671021855085,0.8075420175902304,2.7191145412833357,6.039001616960581,9.775580484813013,0.16096444743443605,9.619085380408936,-3.545080273258347,6.94177514978449,2.7986703731539766,-4.269870152815877
gen=0_member=2,-4.297208452745403,-0.10533065339117265,-4.925018385104428,4.992466986412934,1.8450404215232439,-4.878577666260865,7.723420447887021,1.2140876327276224,6.431326314608965,-0.5897362141082318,8.954180307339062,4.910030391162785,3.642532445705406,7.0970967838341625,-3.713158510061745,-3.6470935525306363,1.5132407042994647,0.622050327385625,8.495153094388966,5.789698554683945,9.069945126471216,1.2139643394151989,-3.7366555905149603,-2.8741525424876593,-0.9272487464759118,-0.13237953845364192,-1.874062762267645,-4.935385655832836,-4.42716171303224,9.178064605435496,2.1900845938403766,1.540342342014215,6.408631006937457,0.5686746193982017,-4.934830294126917,7.064931548974645,7.998033308247738,8.775570294746386,8.647787950503249,6.407817196192301,8.341140492988735,2.575910232992366,7.911408699596473,4.728758437021714,0.48555577280061435,5.121836066098952,5.8979224956445915,9.017772152207508,6.354957437498001,1.7961000860015996
gen=0_member=3,-2.932159735720346,4.055375808934878,7.334658576377798,0.191037307275578,-4.256239559107349,8.49254899909122,0.1666049824962217,3.864516498122825,9.780260232337257,0.7059958044130505,4.795905921685538,7.249108832368346,7.94696607558609,8.807675802901427,9.920497264830946,-3.8294382517702505,7.590599318633718,1.069287436357655,5.2575955858447365,1.6110125886465436,1.4682330999920135,6.060468539705699,-4.634768621901253,3.2613536650373636,-3.788498086772349,-3.28588547472043,-4.843341949111731,2.7583814132237974,8.459171125552833,8.385788826722662,6.102198183829383,-4.48184315678918,-2.726923529173944,8.051700737257534,-3.6200718755171923,0.734479987804769,4.453690961081836,2.382879026808225,5.885162305329436,1.66073403801927,1.486525251054485,-1.595034620133045,8.527105651783028,-0.7709846924333821,3.694646947397599,3.780863751299824,-0.9775807967209467,-0.47104190488458997,-3.416378870965816,1.333890412436288
gen=0_member=4,1.165427123974113,-3.1756084567715632,4.465347599273262,8.32425279617354,4.462485208654314,3.2171167184448937,3.8207355482901786,0.7263630124044855,-2.0899337923557235,8.062388373601575,-3.7692697987346686,1.84075892521021,-0.7437379695183894,8.602300469447945,2.604653532996953,-4.8689440781047475,1.7176033786565252,3.10067809387656,0.3571305757156287,-1.1578008568547693,3.4921830782507683,1.354814826700446,1.9299366803576303,3.9076872071195634,-4.831447587790687,9.625984548422169,4.4039240744375885,1.603230644275519,-2.8072509538970087,1.4809686811529925,3.789165932920241,-2.7309431582411867,-3.793261717459121,0.7508311336530076,7.848160901828884,4.333072007611765,1.303759973544583,-3.751591263524816,9.37322397808163,4.646023622064165,-4.751600901790739,8.257451977423232,5.705285520851605,5.8819914092180134,-2.9834835478982917,-3.824643423838026,-4.849457387891078,7.468402234072942,4.0770447755827615,2.3594054144371475
gen=0_member=5,8.485595703617893,9.701881934751084,-2.679186258106371,2.7946164565566285,1.4809224203251592,2.603987885714985,2.109329328914251,4.1738172170480965,8.094748450553165,5.101031895186603,2.5292775118506015,-1.6551478995627047,2.8533780278302086,8.73247279894459,-1.3490206097633983,4.734454698049369,6.824695144414587,-2.826609868009141,8.933364503143315,3.3100447473234613,9.893572940360414,-0.9387340161671887,-1.9736250245004925,4.9189932022459555,8.200172528662494,8.745443603598307,-2.1880408130185725,1.232971490004359,1.6099656220714742,-1.1393458770370741,0.41812249825794545,-3.9061549554222843,0.04144020690861172,6.605244590828885,0.9420104673335832,3.0905746244698964,-0.951358796207356,8.85238729957715,7.373879440962279,1.293485617573923,3.5861030188860745,-3.893735067416102,9.57486652037657,7.513200441747236,5.724060164328316,1.148577682356252,3.451237917846118,0.10565163281152046,9.138395960812533,-2.2446399677890048
gen=0_member=6,8.51201553080112,9.485611317462155,-0.6543182702741337,1.9370528672819383,-3.8020795459514733,-4.086955984941722,3.3551789306802444,1.57501318758122,6.350023024070811,7.8959341896306,7.2687673091391485,-4.082169105449254,4.67100996335204,0.22090006545196772,5.203915354787004,1.7395585087845138,0.1942373444105181,9.761145891588535,6.718965371757168,-0.8994748306979563,5.320609867503885,-1.1872801060814497,6.659129083194037,-2.611346278978519,-0.11441222400443962,7.293400388122709,-4.243394167464439,5.504639850145402,5.494684254557686,6.4171618289622625,-2.4297722128599384,8.663304340269965,9.517018667257156,6.877761319157662,-3.131017444446943,-0.3807475778209328,3.91084700495213,1.2256920207444546,-4.89574643833991,2.848333810443039,-0.8254591736283317,5.9968029494480675,4.978318728147217,1.6229922184055967,5.318786735496877,-3.6068435214295302,-0.617952041325097,5.269164937951475,-1.2700273041243122,6.999296245505381
gen=0_member=7,-0.13955032539593226,-3.8191390368674245,3.4926211282611668,-2.228431972738591,7.58676299653944,-2.8324747304902176,-3.790178248714585,2.9117685787298377,-0.5794198398506039,-4.227964220030184,9.299258674413334,9.558846206693719,6.06145596028394,-1.4742072041090326,-4.334870698557735,9.220131665496023,0.041037240764645766,9.495721104253578,-0.8586527587160546,-0.11502811529819201,7.347536831300413,-0.1031866707882303,-2.920788340783594,6.008629836535752,7.414787832444247,9.481188275312475,9.191576047313074,1.0758021967656939,-1.9470297726346608,7.172244588801124,-4.309729271332853,4.143565837994711,2.7258095410641294,-4.894349517483233,-0.3552037814281883,2.913413001094473,7.109006594626708,0.9956904755443725,9.720735272945722,-4.168658888036988,-1.7547187503079558,6.441459117634837,0.36671532467421386,6.388278703027099,4.839262640240669,2.091851656142925,1.935774372502939,-2.1270941418629867,8.761364081051582,-0.1352321961831091
gen=0_member=8,9.006691289784461,-4.880050795069516,9.525807710191533,-1.1821765498938817,-0.9834955806080234,6.9466306780441975,6.180125142165199,0.2516655112873103,2.3189574422187045,0.4732383742554438,4.172235312329104,7.070618024024391,3.96355163032257,4.366833686626672,8.391904354066071,6.0587643249172025,-3.1431399050834115,-1.3055857543322196,3.2429267712584977,2.7535549713741228,0.8657441163021264,-0.677291584111865,6.51182113234394,-4.784011384757211,2.555679095989997,6.071307286944954,0.5903014812041647,1.8644654771728995,4.566986054041177,5.061464013274362,6.409095951177733,9.744031592333936,4.055819971834422,-1.8923928021269991,-2.265656472259306,5.754838043052549,6.920411772241586,5.911599454148041,7.11982534349738,-2.9228908575918036,-3.7535746004020876,-2.8830948075224168,-3.490926236175805,6.452875319431884,1.2315113009501282,-0.4625296374973491,-2.2643675953775495,3.4735119107080745,-1.5534605736318903,5.173638938131715
gen=0_member=9,4.948691199465632,-2.01237841986245,0.23729249000550734,-4.360117475754328,-0.13875265277547566,-0.013236138064105951,6.946724255281797,4.366041907931683,9.369344632792382,0.5598744103710853,2.3042150472156333,0.04630119154186474,2.5610917477631485,2.6725059739753707,-1.5742957115001355,-0.9987128512036758,-1.1775198926367243,-0.11215609333481602,8.151207394270655,7.883871853478231,2.602776636184318,-4.740771917116024,0.11512331631747763,-2.4159297089227048,9.717311134660596,5.192221449170143,-4.3739447214172875,-3.0627256856056118,2.555816510143698,-4.32600136721336,4.6855861192429735,9.61912255947703,-2.3341820248263128,-2.564086502528348,3.472025479551341,-2.3214124590958773,6.054445570652613,0.6155971177984148,1.9129119153337344,-2.514899476785591,-4.563447920365904,1.7995771772678975,7.563573046466052,-1.8491678433476353,-2.5569942566381645,6.679030807176632,2.681343783029039,8.87354146040317,3.5570243841890807,5.419195566789465
gen=0_member=10,6.812278055477574,2.522470718161059,-0.2515540615538292,-4.133267023792582,5.300036176394647,9.642673871125314,-3.6011354412925716,5.292675591018938,0.6433179710715882,-4.41552420227813,5.6800790004619035,2.445604527999495,-1.2373204276252174,3.4672377702022583,9.60992596650967,8.103142352122461,-3.663665974692333,-1.2387225102081052,9.658709492188182,-1.851903208421548,-0.5368699822642302,-3.699472783353772,3.3009934311254163,4.792951354324332,9.91371104236991,3.233607590053799,-3.0667305446591397,-4.814352214199346,5.924552986468118,-1.7001346223397298,-0.8133915140739569,-4.915717314183829,2.2963617269042302,7.572130339866204,-0.1673044241549384,8.841804939201388,4.096097340571962,-3.5944566447139223,8.35016410353401,6.605437277830312,-1.6282005071808339,-0.7883608128303647,3.0082989804840228,3.8161199415650646,3.982714260746455,2.3527293185533775,-0.11754629806582617,-1.6688694789960605,9.977174665732841,9.239621288139238
gen=0_member=11,2.423145283330859,-1.0804208411136003,8.838559205546481,-4.8567010346802215,8.356259392016117,-4.65252368911148,-4.913238083957612,-4.157220583377368,1.6572481130467382,3.7469638638206,-4.037054268588554,-1.7548176786297849,2.662815201405312,-2.991097365578294,-2.1034665006672437,7.31452652415711,0.4744836461407722,3.022398698598959,7.639086796307858,1.3502359977801923,-3.0150036462265444,7.8170079698347,3.111101164171643,6.792028980068888,-4.423553291542977,8.456290892423263,8.103041497872525,-0.5072420763380467,4.861243104055799,-1.5682250714553092,3.036483233519892,3.921065165745368,2.0958593604977143,-4.816833215495108,-0.7106064867131838,0.28522062846196317,-4.2444119625119505,2.3032512085567625,-0.1675882364024952,5.659989735632749,-3.991772959568069,-2.724539527002799,-2.3131341643984675,-2.1972060858366307,-2.038314958248747,-3.691694604720519,7.524867294785141,8.10310392521069,-2.108280360157572,0.7432085150890462
gen=0_member=12,-2.1085641757254105,2.4598857146815556,2.015582639383039,1.7014018318720199,-1.6146421474407018,-2.6042809603803887,0.3362006846199348,6.0883443857140005,2.5883856303886787,-2.042283220245399,3.883200156268993,5.673802042103361,4.234495746536647,7.412859492092858,5.792082092102708,6.313868052810124,-2.7982535532242174,7.742909890047589,1.4582814563260618,7.033877094561113,1.6448605425582832,-4.645917002785544,-1.748243223548005,2.397593854149614,-1.5297162634954984,9.780965315987949,-2.8009980388914153,6.528470058875028,7.974127170583483,-3.5252527141852865,5.885946033226919,7.736968680903942,5.286390673900282,-3.9303395396694625,6.438104862007835,4.458108089895223,8.838416160101012,-1.6654564125225315,-4.484338091995943,4.929822082296637,4.0710249700281445,4.4503865410196966,0.11779710427195678,0.4125383376487344,3.8041683810771723,-1.4303129140116573,0.346445439227848,-0.19553250915558262,8.436089765291348,3.7885040886157952
gen=0_member=13,0.6745416568298195,6.434901774342784,1.7297204058819187,-3.731301146002956,-1.8636656972162804,7.366913581180329,1.6064880088847993,-2.9903524966896473,6.885041551523441,-0.8858773284927839,9.244025526674818,6.564261452998421,7.261210131726411,8.425700918780233,6.542135899965839,-4.081197762338669,-2.5495443528408273,-0.23144738995777914,9.358773820617936,5.571231128785062,1.777108114258719,5.612645398805295,-2.480307634016959,-2.565009715979016,7.5762482891728915,3.312185141378727,-1.0039180781228745,2.151428910859388,-4.829410856478666,-0.8644812959419212,-2.5299134488204333,1.136802615898203,1.1843569578269237,-2.141348848050698,-4.4582039275769505,3.1524135566066054,0.039583498332890876,-0.8924784864573416,3.7188306120506187,4.1037306220649405,3.7160348043741127,7.207292562416022,-1.5050747157016797,8.932777062376683,6.269334811172733,8.439008670954369,-0.9403722125102201,-4.188635068429631,1.9144957694973659,-0.6947819262814727
gen=0_member=14,6.198489300429928,-3.288920709130303,3.806800781674891,7.005388218222192,4.611458553839162,3.9951906444524923,-2.72504135780485,4.474343615164187,-3.1350680171911143,6.073458242473356,-3.448595849482393,1.1753129552401491,9.735144895274853,-0.2545927276577631,1.5193934435561998,3.950475273922601,6.6358389372771995,6.805961133123088,0.18857410194940094,0.6974184678434767,9.30511482773129,-0.5769783085244988,-4.215079301209964,7.094125804254219,1.8334073296804902,5.625434709850044,-3.3272980701733994,3.9761751536104892,-1.4245245776317401,6.561054086649019,4.303779035423204,7.053940385294146,-2.1409569902062877,1.4773274175208968,7.4410828517443,5.9594250769060455,3.122222098776728,6.322099812555754,0.07718610649050017,6.091035740930121,8.905495744648007,-4.422138583296094,7.656318792997819,1.4556811613815768,-1.2787896526737588,-3.982891742930549,7.181740205361981,1.9571087760805215,-4.036086108678068,8.37100254735411
gen=0_member=15,7.74630416905512,-3.362605918306061,7.164235457825315,-3.04472500829058,1.0270727495723495,1.9595920156677415,-4.762928032346353,-0.34234527723431984,0.8388813985734211,4.6789086655889776,5.525768048018136,0.9209448323674057,8.749981996307495,4.719680485280113,-3.4263987598559567,2.826295269106679,8.88114535083238,-0.5637042698189045,0.7232399136199668,-0.7403928630731089,-3.7980625414298506,8.392912626917111,2.688980886519153,-0.1866475462477979,6.633348589449943,1.9931748122648267,7.26630676315494,7.169562409591851,-4.097613424624492,4.841189096290915,8.272871734110673,8.537675666994485,6.039369304152963,3.0151559208293044,2.2137928857545166,0.9462772544301714,-1.713298640324667,6.78657298863574,-2.3569809368138577,0.745338727738523,-1.981975000124562,3.144846067732674,-2.602328476982489,-4.997362948853681,2.950510841496313,6.262898466685227,-3.3906444342601025,-0.6699666798222639,-3.0623892978394966,5.606271064407096
gen=0_member=16,-1.772319878870443,8.629577611065846,-3.283515281562314,-0.9188447782231925,0.3399908417823383,6.222961290012854,-4.129057235428282,5.107790829902234,-0.23067522966684972,-1.629303614864967,6.092383360256859,-4.759506709641285,0.5876841674762208,-0.9800363148675615,1.935463265551295,-2.09019638065627,9.942591190913687,-1.9772436628937338,-2.5460749570545254,-1.2501761350443314,1.9566514435545184,-3.9963803296322,-2.0144107198235477,3.57574026160907,-1.6538027302405154,-2.245068075828947,1.7044750526320342,3.4098542827614207,6.995341095572009,-3.746136916581958,1.595391249825548,2.8238963249954967,-0.7059051097372979,9.36298189327851,6.902322600742012,7.497587954945235,5.925264027300395,9.873125049248166,5.490150875657077,-1.571136380954088,2.05488936263316,9.517053734154386,-3.3250918449304807,0.6719412143452779,-0.8856091537912958,1.6890124307177894,-0.29154582678548646,6.224758576279818,7.889701219259052,7.2743001449763955
gen=0_member=17,-4.524271751566235,-0.04733131122694445,3.678823734446734,6.659244214420651,7.357331101593459,6.009118271661929,1.4510596751424947,-0.6882556366218004,8.973395074588112,1.3805148675987722,7.079586785958345,-0.7595539453209348,7.014353312113684,3.241880744438122,3.663016397189004,-3.3473183084760008,8.285283638682461,1.8501125255831194,5.590107975639382,6.261677976522989,-4.254303157727671,-2.346636433318582,7.081003032985761,4.09645176767269,1.2783048741009502,-3.519656994340375,-0.1893770922682192,5.184031013679096,3.052759945476696,0.4173405911310839,3.58197467257091,3.3840627494215845,3.6322371536211353,7.777702045779458,4.866424866091894,7.2895078916552585,1.9975475665378584,2.59347960055229,-4.362432877648912,-0.8156844777014598,8.396879448188557,5.1589423479200835,-0.8860612317255185,4.114445328632701,0.6561416057736249,-3.2321981688790995,3.936977182034468,6.45418271357984,5.956553467106815,4.886964114677937
gen=0_member=18,3.4750175070701204,8.993000544339301,-0.8050891832536342,7.194885021342239,0.8263755771023726,2.108260597617802,2.797807396932031,6.145662348101444,2.445858960272986,-3.9695480466408846,-4.968436333487378,3.046685687881732,-3.5743537114743162,5.510828424325718,-0.08877197204460874,7.64538580931092,6.225249334356949,1.407737928273737,9.086804227296339,0.9740930454321921,5.100043851440461,-3.3251171414422016,-1.1916834844882365,1.2321335230868664,7.08089099467464,1.3968435402104387,2.661083609976221,-3.801322957715005,6.080634383828528,-2.059259969097182,2.8469468049701945,9.042046295099075,5.949285111037149,-0.3097066746064385,5.708598902244262,3.6091977536826008,3.485314835903326,-0.012418202662014544,-4.560229931274648,-0.35077373663843225,7.346725920420168,5.263141708475322,9.2570210097003,0.20708072630314867,8.018719540127018,2.2951441414837506,4.250337761051945,2.981680306171567,4.992309781342048,0.2584853642736604
gen=0_member=19,8.08414838391913,0.9169611426623652,0.26311850825766214,5.765620588170309,3.9420210326478475,3.6215686366789406,-0.01817665459594231,4.818554206464761,-0.9976129654038814,-2.7810838537442764,0.9732456246533125,-4.477615333334894,3.204721924018953,3.288533088286057,2.33854872299953,7.7949527698133565,-4.704254077820148,4.207327325529219,-4.883963031407406,-2.759268812362508,6.5281406516337075,-0.004784879478513915,8.17576469343981,8.922131996317454,5.025286207683305,0.4620355944582135,3.292620656398988,4.19391950931923,1.2106956517893606,2.9154222878488367,9.095650652929681,4.565360655185376,9.598470781909452,4.670591102242589,0.33854997098137307,-3.8628256962601624,2.7924128719450287,7.5277388125110285,2.5761595797375945,2.466665159843255,1.2739660964096755,0.9492400158134604,0.912726113947846,-2.641971346908059,5.469803660680146,-4.3089678986928694,0.1545191127736718,6.727057975570837,-4.31446401827458,4.030481962296493
gen=0_member=20,4.5217251125184355,-3.9776751174382827,2.443835169872611,3.529068791519773,8.53327237028039,0.26393520383720936,1.2912776659436354,0.019463743203251838,-1.6324747578172212,9.187819202253221,9.57043270286689,9.778983210900668,6.505187530777354,5.27003191864573,-3.9003977223817463,-1.9198831467515056,0.27832225697516577,6.2690735089281855,5.86664289625628,4.330444339380502,0.8431583759992485,0.3513626841499704,-0.5974707875090415,5.536323135801826,-0.47569888831164153,4.174534606935254,2.0158588386580734,-1.2669461920695335,-2.2982430910900176,1.0607976100941618,-2.944430340856963,5.776556367971397,9.161781603506519,2.8669485815334816,9.640279892854092,1.7005735937481985,6.698171545872482,-1.0578907732183351,3.946290602228526,4.163221453696133,3.1973881143081826,7.3705568824112575,7.0336998541283595,0.7639108264328236,-1.1879816938407401,-1.1844441490332591,-3.6534659945217136,7.263030720312866,-0.320226261670177,9.485985251209883
gen=0_member=21,5.897765155521455,0.22578259987859006,2.800156608632536,8.422252198534386,2.4714563404460375,5.242727799867961,7.59964996653026,8.021016317213176,4.948400181901851,-2.610076517217984,-1.0570743747573976,-2.5035307287931934,8.910563764776446,-4.821676395227043,4.811295971648303,2.1683269556411036,7.318937035928547,5.2486065735138485,2.307217236653192,-0.20284713473849436,5.960446563646599,3.4770474940520923,6.746061550961919,3.8256148663024003,9.500947685860297,8.631898319502461,-1.2944478278264482,-0.04460268583555127,-4.856553643805643,3.3415837734875034,6.551164941614992,9.511004314091041,0.533821273132622,-4.031265581974068,9.304785851199396,8.068028819874634,9.161618147032717,3.1693599909418193,3.6257220484122357,-3.638339607894826,-4.272141347231305,4.256417764087063,-2.865352679881851,9.469971518739408,-3.8659149719789876,-1.8463233574091231,-4.137407720422393,-4.631397028475544,4.66437730926225,-2.341113391810712
gen=0_member=22,9.632749876761453,-3.022386334452344,-4.518552780172356,1.8496152903790497,-0.03182919595783407,-3.620202875137288,5.007039094678783,2.5447814601581618,1.5078585207233397,0.1859496970173602,8.137298385386986,-3.2839940809338146,8.547805645180022,-4.0233146106483915,6.302149455832067,-0.34315678358218893,6.2512357500716895,-1.6218477349937155,-0.6908064744728266,-2.461488442304261,3.306469749940298,8.9532412925872,-0.47415356493649075,7.933470230359013,0.012685446872941597,-1.9829320641935437,5.4159180409906895,-4.506011736558421,-3.1215907699818386,8.035337456405541,-2.7693167108239587,2.779671124641598,-1.4932579938151278,4.970293346627738,1.7028301504969487,9.12356792844733,-0.4429841288503278,3.6374193124046936,0.4349580127113075,0.1424425826173943,3.8609524150290273,8.983461045009868,-2.474456809470132,-0.35703083074037334,4.225180284601409,7.26697325800269,6.47140709688051,1.3711067828628352,5.774100984145141,2.676047665343443
gen=0_member=23,5.445648797922676,4.895116723330204,7.870630477600468,1.1670023486291443,-2.8365094368137314,9.752609366765032,8.362828549306132,1.4212354204383049,7.857776675219286,9.765059314548024,1.7009519287883084,2.610812751260113,-2.279748954538406,-0.7671206021373083,-0.6617396040387247,4.324619746222789,4.4015263217944955,5.803889953870609,-2.6494562584220227,8.655629101182164,6.181181404869658,-2.9231563385572654,-1.6712279961448862,2.685116971851804,3.0110400245566193,-4.152501777339256,1.1547675744157084,-4.558689847315623,2.431990660545954,4.1090559912853095,7.1897863822046535,2.1228760706756047,-0.8840548525802632,-2.2755163863050316,7.68218721602279,-0.2934408746193835,7.794135127589531,-0.4586168958685519,-3.1181484271233098,-4.737739267887839,-3.3038254875072504,-1.7732399092839342,-2.1923028842095644,2.276205857876164,-0.1880204145326072,6.739825726138122,5.50496612486365,-0.00872636203833732,-2.40757659063324,-1.0045318985087874
gen=0_member=24,-4.124915470604589,5.976553723313616,5.282785794283534,9.770040284917062,9.857718942186674,4.883907778014926,3.992554513503542,-1.7253051696519672,6.714201888167395,7.021134445665444,-4.440176872025563,9.917664624524454,5.363694854840865,0.27181358038697656,4.033207410974107,-2.616739186775865,-2.0097398029914997,8.938968174337798,7.996867959858731,3.24159073204142,7.070556525588156,2.809340302114017,8.321088995256035,-2.9629276967517986,5.752895731190218,8.316205236928752,1.818496092909296,-1.5774939984482677,0.3597688627331612,2.3569398371647496,9.86667154451755,8.10814732026818,7.8621384832550785,-4.615996693978952,1.8698057628020965,3.4514242441704166,-1.4878164242322849,5.6464957564127385,7.181582228317785,2.51970135148668,-1.3595071519715218,-2.025092722745307,-3.090628781854644,-1.0038212133245454,3.201582174791037,0.02547613354302225,7.621832204130895,-0.24091023683210278,-4.42271902458513,-3.4607907933966873
gen=0_member=25,3.7079212601633884,3.943104398552242,1.1545785723221949,2.952411459408099,-4.606620124135086,-3.934325780870444,-3.2382308991708504,-0.13579044958543562,6.048274648352004,8.996581955209681,0.49275741505102477,-0.10667571798111375,-2.4553569675753795,9.12793382946644,0.8058183850744376,5.450567318564705,1.8898725037369868,7.349405260949677,3.9724021762906965,9.836270741989942,5.665567752465675,8.242170364023886,-0.1183683650397267,8.12660161483933,-2.732924289424485,-0.7595512856730151,-2.6435890935194077,7.906795042560152,9.535846373941222,5.84582062442356,-4.450413842393615,7.496463974347083,-0.6186910763453133,0.987709219833584,3.165212763558502,-1.5060014978020653,-3.0117469152582377,-1.758937129092145,9.41939826875812,-1.9387346663303164,9.906950559155373,-4.255843115501058,5.583041436012705,-0.524631793590232,7.289578845440474,-1.8908050386618798,4.108932300603277,7.665226915765404,-1.8972648143284037,4.628761256307978
gen=0_member=26,-0.3630269663486354,4.538812337191656,6.065307261348925,-4.6896300721241975,6.376610829913329,0.8354294194652852,-0.08148016875939401,5.895324340783731,-3.27819721166147,3.381127176889075,3.3884780602371833,-1.509210037310459,-4.056135955305551,1.3575519015564455,8.933749993051917,1.785852885719069,8.5996550935063,0.7878251021850495,2.1998402194669,3.549061352123509,8.658887370788417,2.09460095784158,0.09791540606662608,4.336462343609327,9.21472106782577,4.884550515376681,-2.578921187919022,-2.051885745765611,1.814238288010496,1.2132365524996516,7.615288125266826,2.3372046509044084,-1.1471425096375412,3.2229995307210135,5.974332090477118,-1.3128344771075255,-2.199354052960042,-3.965147233901217,8.030602128058062,7.7227610467994,7.001551523118188,8.40314373514062,-2.9404426767152714,6.691953505872325,-4.100151777749174,5.992131474975174,7.381991342511046,7.060953375753874,-0.44324184838378233,8.629824965513697
gen=0_member=27,7.117678277496347,-1.1290201236140658,9.179838733452515,-1.7258741842459804,2.566795548166403,2.375207470418518,0.9282944441630487,3.3176030379651493,8.257329101596195,7.6721278939817665,-2.3941828274655435,0.36624858492142387,-2.708950715698392,6.646968503291086,2.8542146164940974,8.805764859999941,8.066566560609639,4.617798467680734,0.5308112943433505,9.090942254923169,-1.8517602979980627,-0.2951693492005578,5.822168977886108,6.4877113745533705,3.3154712132197837,8.19055461768115,3.8717411168807594,5.686762481802052,-2.5135202506061005,0.6674654945747189,-0.24607285905234377,-1.1572815611859797,3.1636691667754615,2.2662333949955364,-3.783574776684291,5.529959152813019,3.3536983000347007,-3.4433526864833697,2.786338712885696,1.5574898371638701,-0.19939463032092597,5.847101499385282,2.2969338927717127,8.3882591175908,0.36084827412097464,9.387033572657213,2.4510268366114936,3.5962625005748965,2.391732251449322,-3.9330394693419226
gen=0_member=28,-0.8631815696786873,-2.3103530874929152,5.453755366949174,6.701556919463275,7.147303722667173,7.8767394886118165,1.9913972382566696,-2.404527203367254,4.168070582452916,0.05048026892684376,-2.568748717954591,8.814767506579118,-0.6369534811152615,4.916086020783775,-0.5891222205945894,-1.6260486585642644,5.624041977344795,0.42216016573423154,-3.691120617847883,7.276952652406099,4.988365346783496,3.882415114539521,4.679823495709389,-3.5488524927367457,0.7669150789856101,5.448838980322625,-1.144415875924496,9.276440947542305,-3.5946596975905565,4.2986853891463,0.00039216338908776294,4.643792267925649,3.726475036666132,2.557463419990367,-4.8496552874835395,4.889166429666085,7.242623753105223,5.107917962366233,4.581583929416551,9.065172718791347,-1.1286034247827823,0.0889498104104165,5.8527420553671785,-0.012228225026738038,4.1297634465197515,4.563077932043715,3.8297253866759124,2.868007878928016,9.481575604126093,6.039839390964007
gen=0_member=29,4.6691679013429646,7.52562117160053,7.140563240202363,4.271224132104569,1.6520477059724321,5.646317385652761,2.511225509356657,7.186306993096368,7.658304291828976,8.570091750406005,5.864675440532507,-3.415549566495104,0.4870813622329324,3.61696387345323,-2.922762895522574,3.5797249271496003,-3.5078541330113184,7.54016047217663,-2.9807299856783978,4.817448075451569,1.4327813404198189,1.646799217199824,9.021396120213371,7.896012331217403,5.130878526912298,1.77601731927696,5.96224454475283,-4.139091275054761,-3.936479463166201,4.963794281034303,6.321084311601325,9.987294202527563,-3.0325808679419413,-3.4929800616631277,1.1154636759083294,9.808314140376838,5.327368148343906,2.811546808619706,5.792574597937042,1.31815651175737,-3.49192075483469,5.039142194746018,-3.686418651641336,8.654578676636023,-0.6629514032428618,1.9618355004428842,-2.6667733797532245,5.566767954189077,-4.182880220071341,0.18545067921891523
gen=0_member=30,3.2680650490190946,-2.5659827466662763,-0.9511663534562613,0.5574781507157835,2.7386381602297476,7.654663784222729,-2.7725887832546734,-3.618647085545205,-4.952804599235204,4.7846968605904205,2.467801449898314,8.503119693811794,5.522896757098685,-2.631249344742338,4.422754945637056,5.642850990018337,-0.34506862495802615,9.99852319719935,0.9262371975053014,0.47013143184807316,7.643896927481748,5.042309236075244,8.391245758037144,-2.0726005205782054,-4.587727882246691,-2.5702002905647836,7.659576096974019,2.6373795285865116,1.34605766836353,1.3730665253556094,8.459553775005055,8.045583214219503,3.3337404223923404,-4.280770118227368,-1.276964110751838,1.4633811034134654,-1.1780673776468022,-2.140058352143411,-1.815709630619371,9.987489515092388,3.3259220725614718,9.375008486160276,3.5840615548005506,-3.32963706416101,7.05150180195319,-2.009028503455998,-2.5452836972774775,6.336766938825036,5.631783025268069,7.097644339485983
gen=0_member=31,-3.172716139600988,8.915203473721055,2.773608317224318,-0.18403693003714228,-4.732607674613929,-1.0725266788814052,4.79426669794875,5.351150394233931,5.217922567084727,5.594568007388247,-0.6175982731440675,9.5282945779024,5.133914287391475,-2.0479211908458033,8.67741289606788,9.310958473000202,2.9790846215227624,-3.8899032195039434,7.281571458928287,2.479413867467783,6.89133273232796,3.2241079252703653,5.143034401178712,9.3816567046017,1.03683341334645,9.160922630402608,-4.039068378324954,-1.4109325799070471,-2.1277309989814333,8.743250397256745,8.551032904934768,6.9187260667323205,-4.421499544666791,6.2032784104179015,-2.478423831178883,-0.09231020167045578,0.5372153116111482,8.211689257479991,1.342227565186504,-0.6361127238230715,9.609651788409415,7.544058081649929,3.5325981390962795,3.928296974943377,-3.1581790126982296,-1.0952505896651523,0.06542869518716365,6.648149262637363,7.406860067615346,1.2215722304796328
gen=0_member=32,0.2429315072066318,-1.4928527198510757,6.305392798846642,-0.9641855059432451,-4.241614039283615,9.486084419233858,9.968914830438823,-0.36928867040853675,4.586791083176534,9.886870867798715,-3.268092433544791,6.967020778725082,-2.7698540446611695,-3.7970812847399915,9.318910334136843,6.114307556000982,-2.2624360365874687,-4.054658555569365,-4.00022339538476,9.372733784853931,2.9946700731897202,0.6911082345163111,7.326530902386118,-1.8744619702154082,-0.2703761019318698,1.0631820993358714,5.126079143137606,7.459068981919868,1.452122482659556,8.573173314509424,-3.399142786580506,5.18469776754624,5.486180555926344,5.460438299696946,2.079672613924566,7.837802485641754,7.3191279190136065,9.198098501479489,1.7263484976092807,-3.8860078204531727,-3.8259983768849573,-0.21202877383426078,1.4503081046031205,8.059416376276511,9.750851386251156,4.234309733917209,4.919850566531583,5.734950299965153,7.177048602347973,-1.5966625609403562
gen=0_member=33,1.6239340451347308,7.6035619010901065,6.610295751389188,9.634412821734255,3.618640998423574,-4.120804541597624,3.1371556836778325,-1.971798310545291,3.9008852132916285,7.485885154959838,0.812188751944813,-3.68319971443778,1.4135011690350083,6.954380656087826,-2.682672862941743,9.781457142941473,-0.08525440912808424,8.154622084762899,-1.2828284897219695,9.901862980716954,0.011425071067159287,7.0270792619976845,5.299949937494878,-4.130021079927599,1.5745786656609333,-2.9753275846047536,0.1461075901908213,-2.7551338226406474,-0.5708192902266971,7.751898552281128,0.18066877607018217,7.889441098673949,4.59024374766588,-1.713867767161266,8.571349409267675,-3.031862798868178,1.845224841404784,-0.21461732074252815,1.5687449942143932,8.486648987546063,2.2376876086793116,4.111723131230967,8.871754286324213,1.0403045036050518,4.961453746996678,2.8594201282470335,1.5800929141734237,-2.2005504482624194,3.7095956584442735,8.978394789274896
gen=0_member=34,9.457740661909366,-4.718506751188554,5.746455613334248,8.63528918780643,0.1408554684344825,-4.757070275452566,3.4092188768537177,-4.6007356948688685,8.849664515764383,-1.9428902983519674,-4.3342098004640395,7.820307446037489,5.2205140007993425,-0.5382197819209065,-4.429675557981646,-0.7411389278945251,6.476849624682863,6.507677263418849,8.7014417359696,7.542546949587646,9.806020029365884,6.516277030701014,7.908784826419907,-0.9620115728338465,-3.803996681578539,-1.3229979864805554,-2.939475761058097,3.7645406187739976,8.71599434427284,5.959497146324459,-2.6115659800629114,4.916655854209456,0.263300238444657,7.028143984236406,-3.910963166850874,-3.220553258430398,4.2380688131508535,5.006633616214378,4.13736830197457,2.2862302934895036,8.070064776528632,-2.9485059914259004,1.8379928569768156,-3.8072628229371377,2.171946450090699,6.140917264251568,2.601683984830067,-3.070776879124884,3.3985596658393966,4.365884917360567
gen=0_member=35,-0.22881197735181225,6.921673038397259,-0.1271023057337768,8.03481423044915,-1.7096795465376888,-1.2937349064826384,-2.357650906328858,3.8150857953919086,0.242400684951102,-1.189902451267824,-2.957092835786568,6.187021701515041,1.8801957044647786,4.518625451901453,6.90520498527396,-2.1575474053473407,9.78544110280083,2.2520383780417825,5.774053798724703,6.8753527262353895,5.534484501150493,3.3674228003140705,2.937037022219034,6.1947025602786105,4.538867279410404,-3.1916104988271856,-4.885405332646535,-2.613680303935628,7.644754064339674,0.003183752284210861,-3.16399444544847,-1.3194895336109824,4.621318674262813,-0.558058151471271,1.9668245830442537,-4.078112601419552,5.101900818056551,5.7349268854528095,6.983814058285947,1.781155178967179,6.0174397513552105,6.910433540107288,9.052425803758656,-0.13349470807865593,2.7837142232430097,9.747750845600002,0.5762349686928552,4.14554969911018,-2.677220009538085,7.468485881307027
gen=0_member=36,2.074645468603026,7.004626549819378,8.642941226627185,7.775559013695894,3.706243206124558,3.5432970762761755,2.2355028031491866,1.9345321127090864,5.824253295664072,-2.94675499301051,-4.752899905906856,-4.945842231403474,0.31815829016871966,7.463491705395626,7.538059748296501,-0.8623340508657753,-1.5925160771444777,3.600739338261816,-4.4394995988147565,-4.7794640634969685,7.753106502935038,6.172644201334807,7.480684778699748,6.952174864372326,8.018671295146126,-4.256692518698003,3.411808112147664,3.227916350491652,2.8322479134113765,0.3258670874345251,-3.939823574233404,-4.730395148465971,8.376676504646955,1.0423194657804045,4.544433759841262,9.42235525912336,9.356582299390604,-3.065110739016618,-1.0101449198577082,-1.830488493675377,3.482858620619359,6.169256387872634,-0.22524428032173027,1.8347927695281872,1.0665428163359048,1.3116782899605388,-1.8686629818710347,4.165819877647635,1.1423609462365611,6.584047570153549
gen=0_member=37,0.3015447366838835,-0.43204271564443086,4.359556321170718,0.3647821329946339,-1.1408570586318891,9.183463826406921,4.458509364604925,-1.5210219686729585,-2.920380126821921,-2.257648944129641,8.355126124386599,8.448428175535945,5.653233869443753,-4.937983756796163,3.5432698270137557,6.4968063879816516,7.838666281658208,5.799190269595249,6.038121725517444,-3.022022954113583,2.380698533137182,-2.0117886959020557,-1.52670915730658,-4.493694980471951,-2.9187839376068037,2.2410531503185576,6.471440173221627,7.071259817484,-1.3851055258194416,7.541366994623605,-1.2323265946263078,-0.8844876224127161,-2.1869817611735884,1.7185442589967543,9.962989792329028,-3.554419064670153,8.387370577626816,-1.1952538639875945,-0.8508521117890586,8.849435956875414,-2.2247426473140544,-1.4895855107894929,5.288969028503839,-4.499254533293288,6.54904593224653,6.937103160956314,3.3582101781223006,-4.918740348185894,0.8321011277793104,4.967461771364935
gen=0_member=38,7.9448530614479225,5.303513130626365,8.264260691121308,6.396922848824355,-2.484990725782419,2.2506435804101184,4.148246154680427,-3.483569975471845,-1.3330474821506457,-3.926482876926529,-1.5777226308213672,0.1838976846508782,-0.48099869754689983,-4.42000275098629,5.642906045650658,3.344756643188724,5.372049362201016,-0.39915204107112956,1.6131542935470025,2.962896381628954,-0.8475431296841824,4.030502579286026,2.3800416105748123,3.105478437081141,-1.8209743910160463,-3.4336214437833155,5.249836828067231,0.9970225804447415,-3.2776234840721377,-4.424608325987924,-0.09958455457722071,5.411400220753126,7.672886961409153,3.8964161234402166,1.1878519416328617,0.11035340891741097,6.761616279523704,5.991880124503407,-3.8190896121395195,-1.2465102780574462,-1.049404627248569,9.624966400382112,9.84346047294812,7.992059812365845,2.8906387302798144,4.702262768434959,-4.85704273184415,-1.2735256375028574,-0.5143976215642354,-1.4217877810993573
gen=0_member=39,0.9883704058850835,-1.7818370688229028,-1.7887814541483604,-3.9795057025262452,8.127327141564336,8.71785595161646,4.691918324425808,1.8376038236819676,1.84749732947584,4.148297011165017,4.9269078223485465,8.971993780838543,4.306692653270387,-2.8443899811192788,-2.284831584267971,5.764338204844439,-4.04132872768489,3.808753308298499,-1.8134373866714917,2.2066354645027273,7.532250825045905,2.984149445984939,0.3703095491116226,-3.8291958821912484,8.6319992627603,1.4781336506962433,2.3571147073251613,0.37130630850686686,1.9384113157060394,8.835335917562613,7.977281078472307,3.035512739196543,-1.060671480545638,-2.7516993655821556,0.7517496079053716,3.722234779413233,-3.8095944254902854,6.999869634470379,5.03317060338853,3.6404138409474687,4.32517704936037,2.4669995289768085,3.243033540514137,-3.6684641214501017,7.493768789604159,7.564018832145136,6.200800568306754,4.376470456445741,7.6871355489193505,8.753210883897378
gen=0_member=40,9.37633291177764,-4.387249837462418,-2.316588769711387,6.0561681347677805,8.005775836919867,-0.9247361658158288,0.6166628659511026,6.332230396135994,4.082758008825568,-3.6537060646597572,-4.117689836880884,8.05599278251224,7.699091240601225,4.229560422872257,0.3161928019055198,0.18302609567921735,4.058265379380796,-4.3562744747605375,-3.4084769698789597,6.181060995361978,4.2293676312879995,4.292437660967876,9.183010379558688,6.26623646872657,5.36834759112091,-2.136381010059087,-4.473782346351771,8.847993681622468,8.537779305882673,-0.6360325572244152,0.26075844431176787,-4.64657304285241,6.149834362999348,6.444775953136455,4.328044199499724,-1.1531854069507772,-4.622428323835666,7.232965676880987,-0.6493833753400189,-2.170679422320539,5.154996793164832,6.827445567379536,7.245855170857503,6.1266016906868614,4.676385897660115,3.614770250900266,-4.275970268914464,9.274164444826976,1.6215639422527506,-4.91139194409284
gen=0_member=41,-4.9225402058446335,8.286383353926873,9.929325938820103,1.041102715169365,9.435047203524412,8.189742359387406,7.776196193350671,2.264301826394294,1.0240898238102538,2.2658239901093307,1.5460126640495586,4.234966360200264,-4.184077310944579,0.6322143880644973,5.80863583883875,0.9952405178048274,-1.8456198547257388,8.029002461617516,-0.6246847346375883,9.659394536463282,-2.7683133276473,-2.2306720361644277,-0.8502452439818668,9.965307225757051,6.166415172097842,2.5249013342969366,9.328215045940885,-0.8061232771783082,9.046011365631538,2.9638989059323704,4.159139965640717,1.25239922051259,4.994152970345503,-0.4392822391730826,8.192116428980022,1.9817372338025567,8.259951474318244,2.78736760256184,3.1507688377355265,-0.09684854133809484,8.608415577074746,9.79613769935577,-1.749509257545112,-4.704517371472613,8.884721838693881,-2.1760663132923708,-1.5694238298256575,-2.53034019333669,0.23042969846762862,7.872456467478381
gen=0_member=42,4.845593354652605,2.929398082582745,-1.2715889743555713,-1.9109532764937924,8.83540570512735,5.413765912573835,6.053367903800183,-1.65874674436728,8.694876567228857,8.355075515078463,-2.8498410774271643,-4.242164777731009,-3.714890858711591,-0.9330950146425572,1.6885827139787013,7.58175143562244,3.9517477891705237,0.05122035020622384,-0.482156821583553,9.455587222744184,2.285298303735982,7.35517306864792,-3.8487650298798615,-4.062523931589567,8.351424959645664,-0.32501634547554303,8.508979342486498,3.0527357840989016,7.189827657615838,2.2724060536750494,1.4137202629519576,9.37690457483619,1.0411024002597262,8.39736046263241,2.7311873238939164,-4.420318077138215,1.487481729602858,-0.6704953169921275,-3.5009959098467704,7.4329336102957235,5.416148438459425,-4.6796380801585755,6.150264884200492,2.468037604377356,-0.03465809064364578,3.3955068579599867,6.8967645363215215,1.6441400951081686,1.8252171862965572,-0.4967731541424554
gen=0_member=43,3.876741538380422,1.6101185053924345,2.055277184269988,-0.6544584519315038,6.656953574718202,-0.07717510079971213,5.134431054891291,6.619643112491948,9.871893912215349,8.043283468235604,1.8857954475540932,-1.0873507278962644,9.386160166104716,2.4962365928022914,5.184338493674344,-0.5547893080056223,3.739233715258429,9.630290288422035,2.6590921392986813,-1.767853309685378,-1.3646319889716385,-2.6543780128602146,-2.1883835012986794,4.154324404654586,4.668032548951954,6.4833035635593745,6.2461508438066815,7.610521707660661,9.361276403199007,8.282469736354356,-3.579081558531189,0.1896230583462728,-1.6808296226053896,-1.2475123360736244,-3.2645491443956587,5.393622808860572,9.732316528046942,0.7444753434562204,2.83473718132248,5.887408317288099,-0.0462538525764451,-3.780451882354458,-4.204773893871228,9.176319227783276,8.3858128915905,-2.601297473836678,8.216858120419483,6.013524374141589,-1.4172488092425328,3.9852111541019717
gen=0_member=44,-3.6917684207347543,-2.8664343184541843,0.5904199345529086,-3.114888896340447,5.152460562646727,-2.9517835184128387,6.660686567728272,-1.1158465656631695,-4.336561494991627,-0.3081615075905191,4.50171186670674,-2.106755813520482,-4.741937513181672,7.187805985565138,-1.1546299274730059,6.574872894376089,1.4251991160755688,7.092465961305139,9.756939432073024,-4.024728848243131,5.926180404582187,-3.8061500403557025,-0.6544939005013077,2.0903325924040503,3.1868423416464093,4.629422559886402,8.866401735302937,-0.44251235124355226,2.2507507043628303,3.7868075984590828,2.2168652253700065,2.544337217608086,0.1035824416842761,8.7711144715809,4.986788814638029,1.7808229408261544,-3.7449139317898608,4.390376646634682,-1.3920136911253045,8.092989942916946,9.846560566436704,-0.08650758138960146,2.737326350122963,2.8410217355684573,-0.6387441182884483,3.852619529775403,-4.441377347920892,-0.857992843124471,-2.2658597872015966,3.2216564376059296
gen=0_member=45,-3.8159580380474902,3.765666037532972,-3.5474693987040973,-0.628376751322409,3.1253460857571653,1.2234711754164271,6.8081086162417765,3.599843830170526,-4.097286421185217,8.808223587796299,9.706237601894244,3.6093573197999476,-4.859275145233384,2.133471431352903,6.728014781437404,8.667761411513059,5.008935502440899,-4.82655092390905,-1.5595200842337484,2.839751632531671,2.8499137318284165,-4.534819339210658,9.839068850480224,8.955204705662151,0.9470841716877976,5.27535016963577,-3.7432752976723647,3.328399594676508,9.875862415157782,-2.2125616958974774,6.7783408184424925,8.299207453389942,-4.776248918918482,4.425697471349588,8.818665821090846,-1.946345475177972,0.22344967801828375,1.1390941759911613,-3.435916033621837,7.462559583734695,0.8633014866663462,7.973841361754882,9.183638315511471,8.344392811053716,1.5451399848159033,9.999186557091333,6.258901909048946,1.2125928132806294,4.794254402295815,8.820684095324125
gen=0_member=46,0.0035836514231188943,9.899933688965035,3.281971579669209,3.3554832985740273,-4.902503011562784,2.79430163112033,-1.760630232909742,-1.0940347319651118,0.08960281195232689,0.2741748442621077,-0.10221923683479339,-4.591375165387992,7.403416784522422,-2.4478313287501576,7.131092050771473,0.30076612367495414,-3.9230642689499193,7.850910535902999,6.320005885296602,0.2177498203124708,-0.1310700186720588,0.49036244398146156,1.0625080023077054,-4.695427830658858,-0.9738875605871451,3.6921309996517397,-0.21108614101521184,8.658711604669108,9.129772436805878,2.1866805713831177,1.8279435311053618,4.874166237561559,6.748416547634475,-1.0944623629869792,8.689973658219822,8.537649055429883,9.044948408639938,9.274791735436146,-0.2844184208390006,-2.6360960234717536,6.937113609699942,-0.8557760863985227,4.308874389814626,-4.561741779977808,8.275570128817847,0.766887960781343,-3.1798627926443412,-2.7567361512960913,-4.789529395625074,-0.01402501947054624
gen=0_member=47,7.253086305636504,-2.1892222170947306,5.926378619534432,-1.5075351966464545,6.1474242711201725,4.10337015185538,9.750251133224282,-3.8801009847810937,-2.6022498677934824,4.5620965555495,-3.6258025899981394,-2.847475011304868,-1.7379699938638509,-0.4721416584691216,8.048606884887107,-4.625408989922686,0.8932594482484628,2.4967602533141404,-2.406314205271063,-2.179900843971958,0.2191544171678501,-4.855615363252011,5.984408829790473,9.707090120527656,3.893824499493009,0.14996752304426852,0.5236822026358645,9.18617078240215,3.1712032305253928,-2.5723621418052613,0.8406415961061189,-1.0758968166758152,8.196808959899041,8.901830343526989,6.590570957583298,7.943545919397124,8.151047059338968,-4.454957754281575,-2.044652117139666,3.065294874012226,-3.108473465657873,8.684040005691951,1.3194072179892329,2.644269421017735,5.090993764981574,-2.861956527346475,8.613028247431034,5.411685708066049,-0.8242329785174585,2.1550625645049104
gen=0_member=48,-1.8972040506829733,-4.654606429732553,-2.554418236895276,2.0649038015050136,9.82454699272781,3.014477224732783,7.348424535124405,0.9233306903288101,0.953274431124755,-3.524777650503732,2.935481552018869,7.642054760703294,0.8682361196016757,-1.395235946546157,0.6134339285088473,7.163318606550952,3.582094187303026,6.907020470238235,0.6899279098451174,0.04386353864827175,-1.4599751890343815,0.22604986937204608,2.2016423587461196,-3.1985344537044567,4.2009997326267,7.031102263985396,7.487363777611732,-0.14897951512476393,3.416749203831632,-2.9482886567978768,1.9240413192567036,4.1527605588136005,8.943332893193727,1.1744097232293749,0.4390403328330441,-1.7951987495242587,1.721102319137552,-4.147940346845271,6.121723529152732,9.398776577483165,-2.559016827650421,6.661160571346924,7.787706690218366,4.467273612915466,8.755862122499108,8.005186868902472,-1.1254042052868636,1.5290866661656528,8.88076444431471,6.526761532325663
gen=0_member=49,2.305205670491363,8.110893519431563,8.416698721078571,3.114046214081071,9.003951948302142,5.653371053732407,8.621296627814441,8.47621497157008,1.3168313939084157,3.4618825068199897,7.594586766510025,-2.6047611819884575,-2.981412779438633,1.7802446726032768,5.361215682453295,-2.805552006141961,9.097494721213929,4.338879240842575,-4.387257582308539,-2.0847692614294044,-2.2897738754964307,7.49861286040796,-4.3734875115519625,-0.45227554939814407,7.296602429321965,7.825214764071374,6.264467945941178,9.660306485607778,-0.7762162884970278,1.6264293216055332,1.7090435287173884,-1.997084177126701,-0.20087629108810745,-1.5260855536639033,-1.0776477005684555,-3.4982344773782876,-4.784914494986681,4.567630924404098,5.244513327647796,3.7052916452436815,-2.9840733586058468,7.043357901582834,-4.094908040278305,6.02395845511756,5.965981415040112,-4.512909714787112,8.3907295251264,8.311224452588657,-0.6574812677032904,3.514630998473276
gen=0_member=50,-1.69272731938604,-4.202123326092412,2.2534190432359473,-2.3588284456464117,-0.3260924639731373,-3.675973027169255,2.965158147572052,5.022600704025145,-4.828991396999787,4.291475290166147,-0.833165289896824,8.78148526185427,2.3503652231336085,6.148894894612381,6.21452772425093,1.3034962846351599,-0.6584370718304298,-3.5090694916883587,-4.121023014694213,0.8355089622987864,9.627431965331361,-0.4769791979428444,-3.4114990155714864,7.4691112556600086,9.379837779319967,2.9993338414577897,-2.3822103733978346,-4.262453711580414,-4.603998738286106,0.8301161460966355,-4.065363463956354,8.81054665630664,-4.908649430462675,5.706545212037529,-1.7669171905817023,0.663455135998146,0.692573430299749,-2.8151754167983345,0.6258089660358754,9.119266179769529,0.5923200389469976,-1.9630286943401885,8.178800287174308,-0.9378971472223085,-4.967303031763978,-0.8456089601346415,9.834598309829802,-2.670597758874812,1.1524240064868003,9.679888857004645
gen=0_member=51,1.405226094354373,2.3027166067176044,1.4649726735711752,2.3633344314140734,5.368572714579493,5.012186526328513,6.452193387605773,6.517100173806801,1.2160947082208189,-4.740689107939086,8.048224820790335,-1.1666728109162463,8.247785530063878,4.780925424090547,-3.5517792008238414,8.439462511651488,1.0014627741439828,0.13804429071107638,4.10488580000694,9.178372275189364,3.864410798264645,6.807414152253017,-2.3446322562832886,-0.2380867534714648,-2.5362808517978626,-3.7404627230134,5.8398350259129685,-0.6638391619368509,3.7005566181125733,9.607497000241157,1.2385938019822387,7.428594850417529,3.9659045712277994,2.3843327266179264,-4.578850560784944,5.838776392833372,2.583161800637404,-2.5935751059030188,8.063412933894059,7.234001059384237,2.784389732209948,3.3276325675588474,-3.849635917048655,3.4214772087394554,7.697466319561254,-3.171467391341161,-3.0245966979659586,0.5822734216648353,4.267710641074549,-2.7154947000093688
gen=0_member=52,6.629443509812951,8.453673559308797,4.219721121287671,5.845930936129431,-0.43238031088200213,7.20319824649275,5.782167540838504,9.167502471681678,-4.456238209357669,-3.2243997287417736,1.9006295928172152,8.265655717511281,6.115834205985177,3.7169346803731464,8.215989764170342,2.2885243059418316,-2.630837270987625,1.5160198437694081,4.219400423614438,7.392450018197145,6.6121657174963495,9.235645016546083,0.8646394827984061,-0.8381510180168297,7.657930417581358,-2.680342460309264,-3.6074596846227056,5.412214546050841,7.788486874512355,5.680302483080171,7.599998513823959,-0.5864246719856938,-2.811343975664204,-0.1504213666411509,1.3838045569933124,-0.5093987502617576,-4.916319993492299,4.085396081758919,-2.9692250656201216,8.331302536845184,0.28608452545972707,-1.3937298909314424,3.9309980589547333,7.3671127434422665,9.36125044253832,2.625073516393944,4.766964883547525,3.8947555883381373,2.234409463452355,-0.8122432026967967
gen=0_member=53,-4.053955067049165,-0.31990321662301113,3.184740320870473,-2.0504779651793994,2.30009328840572,8.219672633219508,-4.003866941320756,-2.0545462725312644,3.789173300875907,6.733487575014765,-0.32497781982648544,6.325300584682774,-0.032171551106229934,-3.629453036501136,5.998061504075766,-2.5624598750092074,9.378175966361928,9.122381783837895,9.170730711075398,7.662732812438431,0.6085956033638995,-2.561648097224899,6.339739742789238,5.800582557311644,1.431915726393755,6.330368246471682,0.9521229970846026,-3.394153690955527,6.711093000653863,6.909440437039121,-1.0328795137496147,-2.0945087564847507,8.22665077586046,0.22464231345226526,4.254795926473122,5.30340599660512,-2.4517357421997423,-1.8548247398351956,0.8809860367638045,-3.976582519325398,5.5850450134417695,1.5027189254593756,-0.9923032359177162,-1.9077280524991838,9.852384641750282,-4.582081802844229,1.4015340888377175,3.249974181631652,1.3241718021747024,1.67266042392579
gen=0_member=54,9.951291827607854,-0.7991842827243429,-2.1357386619478977,-3.8600857496569176,-0.6239527637059314,-0.30898864770129375,-0.4165968857853857,6.764963330971774,5.437446244288674,-1.7334349932835336,8.531438809689723,7.427654177908087,6.637280622234867,1.0080190038437014,-1.7322398936000831,-0.4984526877179736,6.040775427740487,1.2487172199795307,2.9468031399710473,-0.3521301562935548,-2.0205184880677085,3.8287884083315102,7.626507394069524,-4.37135130252141,-2.3937668683470577,6.559189581492458,1.5955521697348019,6.035663074849417,0.9546350055273622,4.3501413712667105,-4.945407384191915,-0.7834354004497861,6.3993379425110835,-3.092004029318245,4.097638510580273,9.015930559858752,-3.1958338219655595,-2.304163867695645,8.944367097267222,3.2826968236625227,0.5309315472474045,0.8106143122175542,-4.355771253704909,2.0036399077013387,-1.8093304071119358,7.858178307462296,-2.8375272595289642,9.179555306941836,-3.6886293985725533,5.27134896412084
gen=0_member=55,-2.715146950727786,-0.5524008014994202,5.505999609251177,0.8945423502000693,7.291775140573188,0.8528812403736943,6.379159973083009,9.381317295849462,3.150020412348221,4.426495690779358,-1.9497110169901477,-0.36784890760276046,4.048071029756747,-1.1777566258276204,3.9071830343006475,-1.1876631290222446,-1.2507531025126273,-4.984672523518397,6.164475108671407,-3.2252750497131677,-4.186612346349749,-3.116251428587007,0.6021164496400839,9.458404254618236,6.975065833112241,-1.0765297696154201,-0.6843907203831883,-1.7015827793272096,9.727604767624117,5.5335182136474454,0.8784894049273859,-3.352642101442181,-4.384885385163196,6.039689656948051,0.0023114001885078395,1.270380683730389,7.539560963779277,-3.283227723752854,4.735645557344398,2.7982294973203548,7.493775514098852,-3.1947678538529516,9.88366538162988,6.942180402344219,-0.43331159844712186,8.707274689221837,-3.8088937943901646,9.718059706020528,6.982609431321375,-3.791270475786859
gen=0_member=56,8.894627005544727,8.775027016682788,1.434315337865625,-2.8014319141809767,-3.6477467531471213,1.5327334443706215,0.43218490540117394,9.891045001041789,9.469119991966929,-0.7006538894331138,-1.3786686013775844,0.5998111528379368,0.7468514691157075,-0.09437875741430357,8.126544968705383,6.716128079214759,2.5476647720830874,8.54745433135947,-1.043713747998959,8.572321759821486,4.5344841980949635,5.053184743977482,8.696993821735948,-0.04639481051219008,4.105600764103432,6.863061929632131,-0.03462338768307838,7.797574222374781,0.6542314914856213,-1.4999455239829191,1.073887485587024,0.9923406746929704,2.57853228768682,5.269994311734477,6.387077733379007,-4.590393867790419,2.893381195615806,-4.797364604211764,7.73166393927213,6.198320865420493,5.307580189362019,1.1930511566602027,8.228529114736466,0.8565109265593529,7.443116468854134,8.298251427862338,-3.257902956908371,-3.4169757197782857,6.718629955621058,-1.9193967650429151
gen=0_member=57,9.806580721009533,6.151304436168468,6.727606148060527,1.4510570306164672,2.9091472652294588,-1.6037442021635342,9.617730174073746,-0.9039199371424917,-0.3646163791179031,4.917008706274512,6.198129823482198,3.957592603437668,-2.1326926847808383,-3.81155047325767,-4.630832704883277,0.6311240338280033,0.6459376283719749,-1.7642888625296007,4.624486601368909,3.908594819590107,8.456366034467166,2.6886036004238356,-2.632424293123935,-1.714888938323933,8.846936330056455,-1.7940640525293037,1.043307252655608,-4.067917209915942,8.237329474034562,0.20015429544849628,9.199085543150144,-1.7404216196337634,5.783369488889003,8.589840333596696,-2.0084418681918144,-4.739574452313347,9.494779342056477,1.5034716432067246,-3.748683878982238,0.020970695786100002,9.483843743576035,-3.2158044252342335,5.156506657751612,5.695251522992621,-3.989150183219177,9.449634628007882,-1.8076328565686413,3.360190281330798,7.077933237080197,-1.7135511345137453
gen=0_member=58,2.6021016652264546,4.346285703826464,1.1305579303419204,5.4886737390979,4.283626593921989,7.037599138253938,-3.4274921845776896,8.661835998575365,-1.9549783169294987,9.360866239637435,6.3226940368438065,-0.8918665305522975,1.2180465718607305,-3.4453355851794516,4.681070566435901,3.475280603399108,-0.38977673670076207,8.327963609212347,-3.214758363589124,7.930113368251682,3.100667347001634,4.813879725726416,1.6293116840323005,8.558989782915429,6.507621218287026,-0.045625812893734796,9.866642603627433,1.4565520214855,-0.189422641463322,-0.3334107298594349,-0.7016443247686937,5.61033089056796,7.002573857294195,9.541877592590346,7.208761048301861,8.44997882899132,4.40382707942886,-2.9366180781139444,2.9654562072796287,9.52652586047362,2.5705038146099968,5.509443653973554,6.984297816876252,7.298977036516433,9.6136230182477,7.305961704290155,4.748628011006581,-1.8630534760585027,8.505618491535726,-2.0063074657703557
gen=0_member=59,6.013685341534268,7.3505159803852465,-1.5731904228037688,9.95651995125963,-2.1500181886029117,6.715233877253381,-0.9689541991666006,-3.6798070887923204,3.5185838947146966,-1.4531427036150317,8.32714421487056,4.038883495696393,1.0990592761327802,1.2049732593748619,-3.152270595359581,5.061041153630663,8.397200940235779,8.375495931528492,-3.619405521991488,5.857314891483821,8.129169628582293,5.704083342044527,1.1999814378983285,0.7376498514835577,8.961660882828603,5.033080246751878,-4.557154932967652,9.937335617430211,1.1152515626354527,-1.921907212950369,5.237980947337592,-3.0709739625073462,5.170562183505686,2.7730331656055167,-1.5956885948670307,2.4868876375154203,0.8065279020561951,6.560846411720014,2.3803005194554494,-3.2132912445737176,9.169229484290373,-4.837051895771269,-0.46990195703648396,-2.859302599494967,-0.2898769668349246,5.846652719316303,9.416362374976815,1.8725123276620108,4.358949101373996,7.6524916538442
gen=0_member=60,-4.695728866028285,2.1176103919266636,-1.2449393246419325,7.337609852523762,-4.514331647606325,4.223531305304034,-0.9244231736709274,-2.718406096015091,-0.9223517144519953,2.4111848216211715,3.77399605372697,2.658686040104791,3.801259646909136,2.5903001565591914,-1.0479028587558719,3.741574572469041,1.9132864633266298,0.27548747564996034,1.4328034585534413,5.131195083641503,8.534582201307122,-4.116274276511537,4.915701753417661,1.0004018171763995,-2.198533547807512,7.520382693459943,-1.7307089582269803,9.51628554461702,-4.275333939763598,-4.1603356370938425,8.830704004076459,8.381999335762941,6.636159363190339,3.2946823161386884,3.0424055701258848,-2.21487614913617,0.9962078830014782,8.105149171500129,4.874106935457355,1.0013816733947696,-2.427413378563432,1.4496088976876438,1.0745882560769848,7.068979529721634,6.102330796244022,8.501495028859171,2.856171972758541,7.379119934164702,2.967860574953499,9.862030915666033
gen=0_member=61,-1.1008523148268856,4.627719198997232,6.109977904285492,6.4472269740394275,0.950655971401793,4.5300789866348765,8.32333528421543,2.191023426116952,-1.7717947551951192,2.897702430887053,-0.7562616088106173,1.5957566460107646,6.368511898239726,5.827050999165564,7.399735254439905,2.675893898520477,-1.0693039587858912,-3.199163154140936,-3.83345347735749,6.529051226388555,-4.877589026099551,9.803130222569308,7.772874434679702,-1.5253948872443135,3.8218451724882723,-2.8592907962526803,2.6256035884445765,1.302592129277083,5.248104034185742,6.382309625633322,-1.54566907291131,7.253987805545432,0.6464329724674833,-4.1809094785705545,5.863091150756047,-0.8753562591650175,8.61058026739412,-2.298571939532289,8.251910644456949,6.939733254031996,-1.5107771370826133,-3.4398202355473675,-0.730936100973179,1.278370770387303,0.943421613361612,4.8085655802422735,8.683434638314427,-1.0902122311597804,2.8719424899391024,-0.2066505994263279
gen=0_member=62,7.4042617744762165,-1.3035781982085397,0.5281935578956203,-0.02900427247566917,7.803725736189758,-2.050190159641598,-2.560903778363834,8.097931385385927,-4.103855752322636,7.192860054888783,3.4464700148443583,-1.2870898085848443,5.913471395043404,5.730247965234566,2.4282333347464826,9.4550679425681,-0.8602693909577166,4.516247105203522,-2.0756310817036496,-3.559824976138161,2.730979495302736,9.92164482388854,8.926392716969298,3.479915259859176,7.812491221934925,3.5049332012366374,2.302921910259103,3.692231075424308,4.204561609621965,-3.133289180197358,-4.209150340388745,1.6644117513023753,-0.13849066399240595,-1.3778014533780802,5.089286495601334,-3.122726454796789,5.584666588619514,9.825883493811446,0.10070213353899238,-0.9553875325023622,5.912272534347082,2.8345261591252093,9.509057929308241,-3.508316114550871,-1.9176309147206188,1.2896122225440214,2.126787268921529,-3.6605674482766135,-3.6390345189518394,9.335764660679908
gen=0_member=63,7.780529143090227,7.79674545571069,9.366820066871396,7.674660064885304,9.377595698135236,8.800949864746297,-3.174527127537892,-4.493772768990529,8.5900248545871,-3.461723565276362,-1.8444277606761341,4.401799923978025,-1.077576058918758,-1.701667509622009,-1.9529248894199687,4.528034544780462,4.707037606590507,-3.7214942343646698,-4.731531798008961,1.8786863515582528,1.029307269936619,1.4769577212012122,-3.107277715208705,0.5876518748509119,8.783515307271607,2.6593038531645465,3.0975030765994305,-2.1791242908319233,0.5189931904475875,7.634698636742234,4.794106037016743,-0.07795208619065441,6.945758418620869,9.844800300963495,6.124222765842163,-4.159666529894484,4.6431056211550334,0.2596777159484853,-1.6515162949247992,8.006078068014443,8.747720855818711,0.6294357591147977,0.5884735693588263,4.157041505359576,-3.754202159272844,4.052969939112442,8.920535073211008,-3.8599210291662165,-1.211841408846508,6.133488320634362
gen=0_member=64,6.498988677830075,-3.666393867178896,-2.983736432557468,2.260383530913792,4.136499610951285,-1.106246601466347,0.8224898088686032,-4.9770227503655935,-1.2354428775301192,8.259658693943257,-2.735931894875356,3.5391663366334143,2.068440023289563,6.026073745753081,7.653256609537969,0.4850902368066645,-1.9779605587905658,1.6396699595339843,2.4346348452496223,-3.941665463763384,-1.7780653398884123,9.55697157764284,7.294153546566813,7.430008608464711,2.84665180287994,0.26823342579096465,-1.4772936668150747,6.856902346335815,0.7213203322255453,5.4665755594482,3.1550245929609364,3.8444861186140287,-3.592537398278291,-4.491507566484372,0.22751861950239682,4.158457688633463,-4.352737756221141,3.3794653704374635,-0.4332326777415405,5.34466310974336,1.8756992625964148,9.135487532159512,0.43501161088619344,5.258845434764224,1.37182401444249,-1.6224866085637646,5.742267962553388,0.3827913034116568,0.055067633967531116,-1.2803827417548077
gen=0_member=65,3.1862807630302026,4.209298927305719,-3.1820082460940218,8.84460842658069,2.1813177142426987,-4.334337639288301,8.126062039579661,-1.2806503516719743,0.36262229299087956,8.780996102331576,6.67622022928496,4.717165911987351,-2.3374897756051887,5.108001972725148,-4.117492883721203,-1.4343081221732001,-4.536311470194945,2.552589823991016,3.0910826704628427,0.28793072338765935,-4.602322648982309,0.9567014966518634,3.0047562601368476,0.8736695439424524,5.312321339629902,1.6393696686303905,8.664951625165111,6.15530542380383,7.140318898205871,9.877211679098522,7.406475151260734,-4.211022512391409,3.4896257237664816,-3.6196679141377412,-2.6617163104159904,-0.03148151466846105,5.037530408772913,-3.933534471556702,9.618356820218803,8.608070730616937,4.700363186526422,-3.9711921609128242,2.905348669125524,2.1481635492453446,-2.419762522697898,5.37781704383497,4.46609101078181,8.59057947377451,5.424204904629818,1.5500362005280115
gen=0_member=66,-1.021900190497255,9.373885594175853,-2.834885028800591,9.000083164191617,7.651919242804537,1.7524586329176852,9.392254594657501,-4.097498509800083,7.569105948934389,-0.05966212541065197,-3.947541448320189,3.377921992398651,9.690030678502307,8.150542605215042,-2.817964635154762,9.088061132146676,-4.602678999815299,-0.9716637982348111,6.929737859508323,1.1166316358122002,8.202651464711673,4.307951077215678,8.570406215755348,5.65780848756401,6.315465098935356,7.664586730252491,2.836013829756012,-2.9698312509968696,2.7078917638521043,9.541952261473662,2.697162114633577,0.055696601305299964,7.550130432759824,4.877552265934135,-0.502341713843907,-1.6884332059701,6.321053501806112,4.643800650525533,4.246814012302886,-1.444147420128734,3.0453620101182857,-2.2892530113164486,-1.3475002944771872,3.1659087906685244,-4.301583286631543,9.05426508657685,0.4244836402323413,0.7398581193348095,-3.010635290594519,-2.8896344793591053
gen=0_member=67,-1.5293196143656842,6.841517557582714,-4.567004947386791,5.272099186708417,0.5454878664721496,6.631819047062473,-2.998229788693783,3.0958917506670094,-2.305016791007561,5.837304425514029,-2.225239125213508,-0.3169308421375314,8.410716829716925,7.853135540405768,-0.9140835745111033,4.852957851848977,-4.322251543438796,-2.0612504129864524,1.9083240288690986,8.874745182607354,-1.0408467005535051,-3.49195787231099,1.5487378341996498,5.24146973280412,-4.18657658417225,-4.5755561095076045,8.31703651272135,8.51956245119615,-0.8220642702719774,1.8456122247378852,3.5431423478060466,6.6996969506535216,5.620502441407774,5.814422319720061,-1.4216413895103406,-2.6347097488584996,2.3378270995753656,5.401580818015493,6.572183696519492,7.139360919045684,7.298154230461018,5.7156229491946835,4.237662852976458,-2.4230022697851585,2.5686879668272002,-3.015992848130329,6.0344985658251495,-3.2368342860481785,9.052128007299197,6.388929112610068
gen=0_member=68,3.570701435238835,0.7397643024063045,7.676977081582116,9.471174843666894,-2.904214358719602,7.480358229909234,8.88157791127568,3.4945777290784488,-4.666880067189705,1.7301531164289408,7.335357335480651,2.227666703900378,-1.485888561935245,6.4032454131561,-0.2819978526043858,2.4569862769336916,-1.425712302843261,2.0085266132207042,1.0796903003257796,-3.1718811029719065,-2.544631110799474,9.364717105364976,-2.8847797127563437,7.636215386893211,3.4244352621354164,0.7467701572003858,7.932741810053036,5.836024309331853,-3.7547938913890295,3.639227517532813,3.9231960394972507,-1.460276518486865,2.8895052833139703,7.262763550793185,5.312208135214126,9.673035960090214,6.168463357535348,7.31641040484139,7.85376245387752,-4.280675008280072,-4.194336461674373,-2.539199338666167,2.0075581377465213,5.102149611897479,6.8374256115634875,-4.977261295978405,5.096896080612906,9.52871725538127,0.8640302783324945,2.203509009912847
gen=0_member=69,4.442389619347779,1.843425967304488,6.984464180126279,8.685253507747502,-3.261247135475853,-1.4206601924854678,1.7857837482906689,4.099170126504234,9.14474538833542,6.4892586830256835,9.901065296075332,2.1232700524055534,4.517592087496938,2.9561226513148107,-2.3552285349624245,8.227581150114123,7.61122572690482,-0.7663046920454919,3.266464095899357,-2.3094979258413098,9.202091126905346,8.789954149676747,3.626051587600614,2.9390148100839273,-3.4724635825069354,-3.9384975763170518,3.1155371348650167,2.854162696377057,-4.146917608250695,6.156500545637563,7.873239012753848,-2.4986491279935987,-3.4767856444117595,1.438707884962513,8.014977411507056,6.269505531186885,-3.5317718860220397,7.60341294454255,8.65777159459388,-4.937826904467957,7.880789955958875,2.178312215641009,8.455844408414974,-3.3759253205549604,8.057703764956765,0.6668864124249492,-0.4492254014632069,-1.1622604315229577,9.587838861797122,-4.4404005691929385
gen=0_member=70,-3.416865861331282,3.2199871953085957,5.098625473918716,-2.5106583985319246,5.545090609373794,5.053686883267924,-4.298129044168339,-2.1596553426259884,-2.466806098559916,-3.0896772743824377,8.936236661057544,3.2326828823114386,7.883288923357746,2.2992990734721275,9.830889134579342,9.999961751271185,4.538277408066152,-3.372696120155801,7.511136500613,4.741271054990721,6.7328467807998145,1.9179184601367902,4.572774500106242,6.615026818200873,-3.1031845352755845,-3.987924927116902,7.861857319702519,4.512318691706577,0.14400071121779856,9.721333281918517,9.715202965376697,-2.8981073585827075,9.80116395113286,9.207417699647994,-4.316784448937309,-2.0510386481780545,-1.3761479836726163,7.925566266061958,-1.1613857427710377,0.6703316732473787,4.92948353586414,0.37780493029969,8.659091545379484,-1.3973132233028958,1.6978852467481982,7.013166176547827,5.458412963087332,-0.6227346553951225,9.276865642207811,-3.1884845618848985
gen=0_member=71,5.750539063050045,2.741349326481303,-4.1131598123921815,5.14680302122127,3.527399221184469,-3.1397937104117686,-1.982714574816355,2.4683559566290034,0.4511164480012928,-2.446236847738974,0.5920128999386955,-3.64970051007903,4.8595891507545375,-1.6470225440598982,-3.2231764884190373,1.932130151016353,4.756531639605422,-2.3602732989146182,8.507335636517869,-2.619679194240115,5.353368027957369,0.8149082724218566,1.8823802405364924,5.078285236612155,5.952114082542003,8.99075857958536,5.003153596718187,-2.5891893488775963,3.2943477773725807,7.078386787851082,-3.707411802348667,-0.4883916863372466,0.7551239895468456,-1.6625429552103488,7.52027231150684,6.18151840345422,-3.3197153535200115,1.31852587480223,2.163182675274082,9.733397211797405,4.239683923883458,-0.504935973552505,6.2762764911093765,3.5579468891649952,6.949653353114881,8.193160799587549,2.981179386670517,-1.4064068645911383,-4.630818775360081,8.32329659383619
gen=0_member=72,5.621839884236675,6.6641675381871295,-4.830996200818233,-3.274852996169992,-0.8582247044140097,4.607621030301626,-0.5262445299792216,3.2321614117087965,-2.798662149755087,-1.0786766681630962,1.0322371164010269,6.006808687354225,-4.297282628359485,-1.9797535430810798,9.425961938912447,7.036710028938494,1.2723992413736172,-0.9370621050047774,8.227004858344976,2.199996872654463,-3.328738890487606,4.698581631204716,5.776679917448501,-2.252175146927016,2.371810019923788,2.878993012914613,-3.377823083949231,-3.221542288530282,6.686909600827638,-0.3967649246005145,6.07350682152226,4.3493552149863905,9.003292951731577,-3.3275242375627583,3.3941403812406605,7.402869860906925,8.707766832511707,9.60535386728463,1.1393758672002736,-1.3425692044625905,-2.134875291459854,4.8639101857504095,-2.0241281092474535,8.527503275389888,2.277808355080987,3.42203613469022,7.8813911098580665,4.493986267089497,8.109147172142498,5.826342318150077
gen=0_member=73,-2.5874657849504987,-3.546513514657449,8.652441566565598,4.509478208782447,5.7391935280898405,0.5761211052743844,-2.2252069381601043,-3.0555416746571806,4.844460986687148,5.736792412440602,-4.657508932635998,-3.0138190616533374,2.9651407694025114,1.9507650280899114,-2.5775357336644937,-0.08100926609601089,2.242643635932833,4.143530336081916,-0.164417499410197,-1.5351414176967668,1.2578058265271546,6.945986586225104,-4.4348610475259855,1.9384213335120757,-0.739598988630358,7.368522138388,9.462163468764185,-3.6706924194129122,7.558219540240879,8.144897694593652,5.377859734494839,-3.573105519365992,9.879340342596892,6.275862932250272,3.8715954457957373,5.176004180171255,5.727736168485718,1.8484213668523788,9.225020825667375,-0.2500699589304478,1.073339580908521,-0.3807008265128333,-0.1957642016834864,7.89660829535614,-2.8934128657228713,-2.4659422003485596,0.8203210357261348,8.374443133929203,3.8559552061157305,-3.56579684363094
gen=0_member=74,8.207225332816302,8.02863347404216,-4.335408442161366,-3.4484486522579045,6.90965155288081,-3.2984239430091886,8.986557733434148,5.517848525989342,5.644894199370659,-2.5888275732854966,7.662690530629897,9.311991777467995,4.9654160537444,3.887840991694313,3.338876187476231,-1.839979580558044,8.749705434959745,3.304383547367788,-0.3392220445693823,-4.541154444373273,7.170142863322816,2.5818448241441576,-3.5213234008909184,8.46754861103627,-2.052975226535562,2.1220919851630793,-0.571114674289178,2.3941967035052087,4.117849114330397,-4.790825169790208,8.724588465872777,3.6512365933481643,2.9966006353480052,5.64636481191441,8.321744204563299,9.895076521709777,-0.24283158727398746,5.26920617726957,9.966820754971364,-2.1384561104961666,-4.542349942025956,3.9881085259301408,2.6329375008053937,8.951361704405429,-4.573793068492472,0.3022371066775609,5.236555689207531,-4.839348249381309,0.3316158360839152,-1.139925431426815
gen=0_member=75,2.0008737294485206,9.587219548178505,3.0543091168895167,4.790452896589887,4.877778658934265,-0.5690273800436003,-4.458102063706061,-2.789176089528687,6.154559557543909,-1.3180561884229895,-1.4659269186064363,6.725128478007948,6.741992881277072,9.851032447472077,1.3295778169659567,7.961833200224804,9.404012449004462,8.72175381927611,4.803644114832043,5.3169175230936965,3.5603388392922906,2.3478769485180093,-4.0150714430468,2.501097756955975,5.543320990949962,2.360061806355013,6.757733769149217,8.136763663603785,4.606252268977107,4.503627591373313,9.533666178428385,5.310097136277619,1.707693117526861,2.18755418954209,-4.210200151831977,7.634617664487477,3.6877791092454597,4.289681763073666,6.47142589338673,0.3904414560442637,2.020682126818988,-4.951370161977071,-4.902637480273556,9.295509682580754,9.135063195498043,5.639870916787601,1.8900082238108302,-4.25113537409113,-0.07901639738198529,5.787245280199951
gen=0_member=76,-2.3594677366563173,-1.9094753058385834,2.520429888430196,0.7319862768746512,5.027891267963815,9.933963253274317,9.477142636058753,8.920989879684374,6.68870882550263,6.353706111445376,0.07941795856696299,-3.051468143419629,-3.395716095372769,9.41297110049534,-4.013771503334697,-4.253768440690025,8.046920940955744,0.9883563463820018,7.44310992316321,8.459516343679912,3.712864788716109,6.371610258183585,-4.972762699568996,0.27296255573132555,6.748185543007741,6.807580213936857,8.355149518336567,4.781169160487119,6.172144651052207,-4.873705972719867,8.131404207425778,6.1267022126436075,8.793855961203457,5.0985160168896115,5.467916207759929,3.9556005546266118,-0.8335883034908127,-0.6397713191141943,6.2595971429817645,-3.386525226590104,0.12140672746468617,4.394135750204757,-4.704978609612073,4.882409443150189,3.2778489530341446,7.655819819136562,-4.093098502619238,-1.790972431496031,3.4287017861170863,4.2089143886199825
gen=0_member=77,-0.6897771412595937,5.4856005739583065,7.450066299227471,-2.7054091016422115,3.3983842182327066,1.0839530999416205,5.6408079927411094,9.01585441953776,3.365781630678528,1.52741614368876,5.189520882757515,4.811085135020296,-0.2027141661639842,9.787689542419743,1.8413416698463028,-3.6923906962179363,6.944755909523732,-4.228373532378266,-1.8861751443322428,2.5580951557752547,-1.6057196055670326,5.41707405138823,-1.008214059514906,0.49813408958996686,-4.091485420344842,-4.4184640400738235,6.667329152479546,-1.983388272595315,4.38419584699454,3.1036101711150526,-0.3960064753740875,9.237937392458694,-4.009268830697847,7.9475757094643615,9.057006772600591,9.276308395997201,-0.0920565486949263,-4.254538118727806,1.1623853919593286,5.361635777625953,-0.24950584307837165,1.9905656004429568,4.808126232507782,3.3723064052365146,-1.4251239139337448,-0.6347251613716693,-1.364021005683416,5.863873668312722,-0.9841190322135906,-2.5591173635535927
gen=0_member=78,-2.755177516638205,6.2883297203460025,-3.8632146100124536,-4.756522082449978,1.2113366041867755,0.19431540112591694,1.1039010441542052,8.323055937786211,2.160821621792887,5.437514719427151,-2.093981344498102,1.1409951654980341,7.54540118154743,1.6113321811052455,-0.02034931696902209,0.706831159346633,2.4071042029151544,-3.0317627366461792,1.2102682180447077,1.9053544549413584,-3.598242260258128,8.86243898937308,4.00902339483857,-1.6870523062527858,0.5784983185272274,0.9736406103432387,-2.029199675520148,9.01322618622001,6.490250537009983,-3.334338651967237,2.4650093295773505,1.9774798246600476,4.378854525086167,1.8485949944833262,-4.01933705945341,2.690235166308744,-2.098117271528288,2.147261884690221,2.258458426982685,-2.418641005994015,-0.5621117124111148,-3.583249088575765,-4.607511615704316,-2.962298200748379,0.7474234212776629,0.9018376401195338,1.7199476434943461,3.813089639441044,-3.9195214965045273,9.742461262947785
gen=0_member=79,2.7282322288488796,7.238817925608945,6.474816089052096,1.429300964956088,-3.396435444892684,3.779314949645446,7.166374860094724,7.83546186700022,3.676506908540164,2.015279682448301,4.355455633582842,5.813676731806728,9.416153935495819,2.9363322222684607,1.2692020133305055,8.61578896595729,7.0367182419734124,9.068628921990207,6.539814058109727,-0.554593938582749,4.373988179789203,6.69074670370482,9.578707893700784,1.62949081838926,8.155575379180238,-0.5736756115050827,2.0915301539077573,9.727562148732295,-2.420196883718416,-2.8753906958427677,-4.7814836574054285,-3.9754489139099136,1.5363446705513812,-0.9395081022496781,-2.7833470950154475,4.660087310663174,-4.02090325415944,3.45781641736267,-2.2921460935654903,3.889066492265922,7.615389836440546,-1.1891042232633398,4.108600726397119,6.821979640850289,7.891758530736698,-0.10657109188605407,0.9442788416809114,0.4374243000947464,8.21712940863943,6.750266929634487
gen=0_member=80,-2.190651086406857,5.9189728399101575,0.7778978154065586,8.17603384867086,-3.759128295198416,6.398641021660746,3.6670799092933475,-4.2521413029143735,8.005417777448155,-4.950790883281758,6.519507523652871,9.18006309385336,9.183602747425734,9.063283395572611,-0.49568013672553946,-3.11325751943213,3.4185599719184427,-1.507897682532394,-1.2421486071642618,-1.6387418914434062,8.805139053317502,7.6432109879441015,3.7774507001411948,0.11243541303257665,-4.855470936762996,-1.5812069426067428,-0.8852617482477996,-1.0869402289010135,3.9996009876048735,-2.6373308971767884,-0.6021315865682402,6.059867781409874,-0.4949161303251559,-3.039329844889296,4.6995279847779905,-2.5874887607464445,5.483261334278454,6.504866005384791,5.954282109330816,6.77334536864241,-3.6398095400874904,5.428858229110215,1.6703524441659914,4.369783876115422,-1.5717315940717573,-0.6532813353799893,6.66376280966519,2.763769754840414,6.517520214238598,4.45386589298549
gen=0_member=81,4.281638098694145,5.067927993549217,9.687333646433826,9.231454133313775,6.450861859885638,9.298633093023149,-3.9095804592106775,1.0303834923126303,5.0746359097299365,6.156026843778969,3.0128893320319072,0.7419697594187031,1.665292903488238,-3.293541202914512,-1.4448540991470287,9.687330086150961,-4.182147775196755,2.077885588719856,-2.8484829844800745,5.421673785187844,0.5129318541519874,-3.5151462438454484,-0.2473116631147585,9.633301084115779,9.57031284672891,4.364146032194695,-3.863009406825327,6.331817818054937,-0.03466754191655852,-1.0667103103252003,-4.678137462493901,-3.232229620848254,2.3749204745521872,0.25513222404469715,8.4317876911889,-2.8877002641841187,9.559746680535621,-4.974802168409225,5.081070722222128,4.488734520094729,6.195996155174463,9.92114442393312,-1.6493589531274657,-2.0410894771024166,9.497209283966223,8.941747896250925,2.2974095621120343,2.1305652769504517,8.0139553841256,-4.553241794167301
gen=0_member=82,7.524529977939512,1.2628081285140045,-3.4280655811940015,9.28987461166782,-1.4186839032200589,5.839021417116493,4.399636426341393,0.6453470909393477,-2.251191159439299,-4.685663070472861,4.023992360585986,3.790904349124437,3.520281245759694,-4.100223617292169,4.999252473549635,-1.2760408128712992,9.696355774583857,-2.4877841416134028,-4.645795085538537,-4.925321322424498,-3.8043933527363,1.0933109983157738,4.261447453065841,-0.5793654104618842,0.369107488308944,4.484533962116517,4.095265618782296,0.5495994829486976,-0.39125144175587945,-4.658531166809594,-2.0869456194018934,6.413455114735534,7.996673075732687,4.47512212658925,2.80985511970459,1.3116566202155475,9.906717323478965,6.19540891475706,0.8218463441236148,-3.658125265546417,9.273325272348794,8.920255298234444,-3.594303776701424,-2.589193483472608,-0.9542984350565193,4.3929700438844375,-2.083873825294945,9.669793695020424,5.2718503758788025,-3.9551959646234707
gen=0_member=83,5.207665149459366,5.590619355559459,4.816727997105014,-4.4873511746783485,-0.7143724752755265,-2.415890854800051,7.127648465121737,0.10327061434553197,-1.4309218620718513,2.1315174631608276,3.199188784989328,5.594662872106026,-4.592221641257812,-4.59626797294508,7.186844445510468,2.5718812474502,7.259077337776077,-2.225812742841205,2.5329064224034568,4.509056253665822,4.844002453198023,-4.362063111737056,0.4157313295256877,8.23278784406623,4.378068206211127,-4.846284036920045,4.8327283818272715,6.6365693240116315,2.0792252657611687,9.088045586679623,4.584020136302975,-3.657701078405866,1.784250857351422,0.4025281668895513,-3.421882714583769,6.480459214381938,3.7562953498803413,0.20618087541959085,-4.235105743453123,2.1213272920975905,-0.3706419945157604,-1.0864350851649207,-1.1911351478027021,1.378780858424376,8.511465604704757,0.5168654237599384,3.6883784402196014,-4.070161292580461,6.551788440215573,-4.704257606877565
gen=0_member=84,6.864063528380388,3.3930235521409333,7.958571857977377,-1.6499281536974162,-3.111556652837203,0.42553944557376333,2.945190359926496,5.787989958830252,4.610387431751569,-0.4888032037918766,-3.1931594220802144,1.9088699571085765,9.880601690437087,6.365542659353981,0.20155737739108304,-4.767763798321862,-0.624803863983165,6.085001082431845,0.0971733914914994,4.256382043712584,-4.036739997808599,-0.9866919645247059,9.888340065775177,7.177615137506173,0.13631948352992573,3.778862474412671,6.934851677346504,-1.233954588405183,8.854916363199626,1.9053686496127682,7.039168081685505,-2.3426913834374985,-1.3692497571352682,3.647891955466134,-0.8607013614495695,2.639656750366666,-1.5880884880736947,1.997700805521915,-3.977468433767913,-4.464247765873922,6.608831532743061,1.0014777005075688,-1.8779016504560615,9.925554041504945,-3.474331462315955,-3.4805661034966198,1.1442866649838122,4.80918684681844,-2.888130501390826,8.142011956239095
gen=0_member=85,-4.764399861969779,-4.4586092502398404,8.95075039787125,-0.2659460484388054,-3.980100043007904,8.583511625443755,9.165452777900725,8.603142280403404,3.0890479878933803,1.080152751849428,5.269813669878737,2.8051223153952405,-3.9160649891812556,8.221152084104924,-4.9583105931009195,6.986403131029746,-2.9671896983356194,6.651693094074501,3.7906465040481816,1.1777975491147945,6.382464047961546,-1.8791392466890886,-3.3294830455791673,-1.2823056731995317,2.1348585438254517,-1.187563094915828,4.150298737731864,0.8388438563733605,6.3389720868281945,5.252209414713716,5.546005394938648,3.4033564013190656,2.042527534660543,4.245238448582802,-3.0470863433206277,3.3541631268409766,-2.730816602232073,9.00823860413961,-2.5762692445318893,5.520938461663727,-2.6428707851551416,4.654464602530851,2.4248237253901355,5.490068365221125,-2.6295171500261985,1.8016620720153353,-4.6644683724214255,8.025259247666805,-2.5258514406933577,-3.2014826272961465
gen=0_member=86,1.583571980369264,3.6171472968572225,3.946697876970225,4.672419774299543,1.388895933905486,-0.4898200719399046,-1.6781726312600185,0.49671782168904866,-3.9193215756995174,1.225152618812098,2.793440418139367,4.455311876140383,-1.944045359220007,-4.260109336558921,2.704596278276111,-3.439602813976201,2.8393252285153796,5.153839522412895,3.691229217439444,3.7827286858807483,4.02999243829251,-2.8827756010300054,-4.70134938822872,4.638728979463163,5.86583343292644,9.307122104081188,0.781174205120875,8.331833974168683,-1.2163991691846432,2.7421626835999113,9.606552432989997,-2.2703029198191995,8.569102365799363,4.112758720089323,2.511703549467443,1.081678212008267,-2.3147112325044263,9.464985282260457,-2.789468391893675,6.30845394123854,4.864702305016708,3.5511771902728846,7.333954340430283,-1.5085669923353606,1.9847669923179225,-4.770896206332855,6.7990044922268975,4.745977659671164,5.926881640042801,0.47510793560609965
gen=0_member=87,5.067636713954199,5.031925554155473,9.75440361064083,4.082858913125966,8.243039629530845,1.6195696901711099,-1.5478911915181968,-0.5970223643501251,-3.6751039436736685,3.68317365287254,7.799012162438087,-3.850869959449427,-1.2895078575903898,9.687721805526428,4.247031482026294,2.9778451778249417,3.1030265762621028,-2.6760522232177157,6.562805742333481,-4.259608782173673,8.01704052662707,5.846549711080273,5.6417052995295975,1.4384638555251996,1.694196304142121,6.23005909985139,4.457122035177436,0.1363290135830617,8.172822294629864,4.73391303225816,4.95784768937167,0.7254195949184474,1.414243619699608,3.5404274483883906,9.151796277927339,-3.7014425524994623,-4.488747065520534,7.108997087022088,-2.6678518608404227,-2.797557663565286,-2.8099430581470948,3.0402540582085518,0.7643085682546849,-1.560746580875442,9.074577699765719,0.11619300140121247,1.2823078612163261,8.723763846814798,0.6663387359745245,0.5559728025801576
gen=0_member=88,2.8065095041651125,-0.8404152309719795,-0.0008938816149282047,3.6799950793780525,9.62775427929947,-1.9915568156802057,-0.2767304635515302,7.647469233816066,7.260792220758269,6.966842852058477,0.35429307319960657,1.6053177603775568,6.860866345799966,-2.271445172856358,4.457324998582992,-3.017925351806533,9.176603772113795,5.612286676376609,5.418523565339262,3.6504746413261397,-3.100388831879627,3.6220544136994413,3.907193879128938,1.5371130941410582,-1.9618271163097778,9.860921697428008,8.961242118362,-3.5653825143141926,-2.924392991899911,-0.18202337721976747,5.692863964848643,-0.24112208714729988,0.9736334006971061,0.09505978593063791,5.536705213547563,4.097179932972207,6.502843481361939,7.88140329815908,0.36238402094312505,4.417564244400255,-0.6524237127987318,0.5232982141716214,2.05525730385476,3.0561584445191254,6.67530931717487,2.781283112564191,9.56999635927522,7.862434573427107,7.5389397152789535,3.5665676130063577
gen=0_member=89,-3.6215091568692808,1.5193573848430733,4.102318010992539,3.7092195432526207,-2.3875841641023436,3.2712100072945507,-1.1373223305673004,6.8661095630805935,7.310387159004367,3.1306042125855207,2.109944236404562,7.598081091908057,-1.6111658994356604,4.072776700052069,7.887773249484447,3.2437615257870505,5.154870493954709,3.853357195398484,4.345263536815921,5.966551106346671,4.646973188089776,1.8593319087276345,4.312855615757277,5.468245614183665,-1.39314198241801,0.6507314997950031,0.3926360957179069,8.42641149753281,-1.6716722175964684,0.8813802191105173,0.5770762284701023,-1.6107036748721604,7.331242219500648,8.99235509043639,9.82130534503528,-4.888379343911039,-1.8966541897898006,3.966414044540034,4.3902363945848055,9.688534130951702,6.481408179384189,3.8472349024282924,1.2365649591823047,9.602249123235497,4.495487315259041,-1.274762854476796,7.070954517010669,9.884961033354237,2.6472070064324447,1.9146974818517553
gen=0_member=90,0.7807242173871343,0.45564068597047225,-0.6433926698148502,5.604058206691905,2.9586820755474257,7.916121016906171,-4.639831141537331,7.495889625021523,9.601330444950989,3.9688150696416784,1.3682532593420742,-4.358397915323309,9.028932472507346,7.732254194070725,2.140187403687409,4.248388693735301,5.8553792678263665,-4.656229386140378,-3.1341724678705756,-4.1321725330650265,-4.4309517731928105,-1.6333654537350824,2.614724024574162,2.2677227918515603,-1.140284177082421,5.829580434384619,1.3416217339172594,4.6633665951937235,7.379614750157257,-0.694315326392883,5.062077741784961,0.6104235850627786,-3.2305364240375876,7.4190771766956445,9.532798618229005,-0.999748704097712,4.782863005791141,-1.4124288754550616,7.52329620321156,-0.6644746152254317,5.6938798372134,3.5455352139991323,4.5278961280159535,5.5356240050822,1.8936685311445869,3.088573484665986,-2.3256997985835874,-4.493423380708843,6.179650739300408,3.045864257375248
gen=0_member=91,0.5297649724477491,9.145873664637229,0.9302964341246813,-0.424044033076,5.910223995625763,8.990465790818824,-2.0941210712603207,7.023598163067851,7.082480732187548,7.3011615089010355,4.672293644517572,-2.330024586436405,1.5673077973364062,-3.164588582092403,-4.775627589761927,1.5306047957206088,-2.333662347790188,5.367075975897928,3.456337379258489,1.5974208439233477,-2.6689891510892245,8.64408179212046,2.094835767715396,1.8607229663583897,4.810365630426846,4.137134318050361,5.608203874572574,6.790413046101307,3.6555552620849774,3.499267711712612,3.3938856469382355,3.130661296309693,-4.5932632913994915,9.912144392059808,-0.24767794384660302,-0.7694195755527504,7.710261017522175,-2.6168043925303612,5.5787865930380125,4.871233471993365,9.034456092538163,7.877479023848014,-0.5879689879318324,-0.3042699251315879,5.604454197274951,5.295849232386001,-0.6673065130392741,5.013897816385352,1.4892041199182033,-4.2198329204284475
gen=0_member=92,-1.3719548860793118,2.0079429168617855,-3.959149914019143,6.1381562441449,6.720210723328634,-2.5863472785761092,5.946658109015345,1.6592514407299337,5.703764786652117,-4.3612929376308704,-0.4615204818966978,5.439437335738958,0.22667957717988862,-2.4995122767965015,2.9624100416083285,-4.198472505367919,0.8080699063923742,5.000533726266546,5.0549577651155,8.26473663548909,0.38121967243479915,-1.5405819798865417,3.496756798183613,-1.1497440700987829,-0.5204799034249481,-1.4564462309158719,5.734172178939941,4.12464857685608,-3.3584697396720844,-3.41418098135862,-1.2842347038665274,6.303682261371415,7.198680281079282,-2.3912660276520037,-1.1271341158388113,6.8173593651726225,2.999225123217431,-4.688740969661038,-1.5222577922071592,5.053282816564254,8.03842253195358,1.6551512660649035,-4.417613482668908,7.7264734846182,-2.165887958516169,9.116050273904259,4.312643620482179,2.2502747834091616,2.1893104363315423,2.872149812099342
gen=0_member=93,1.7913358817345433,0.613862428881327,4.6040573219338565,6.878339464846249,8.684401762346452,6.489900288260136,5.322331017511656,9.68716091924462,-3.568053887961506,9.673923289373125,0.2477058104227181,-2.1891059242659687,-4.475041173294034,9.295572479430783,0.9587189062579649,1.1768589346686342,5.223971819703184,2.6576343176752886,-2.169162316869059,6.619935261972834,-0.7021023475858295,5.229193791463546,0.76949871802179,-3.456117925149308,-3.2846749618400057,-2.333090727296875,7.427439891123694,4.919223932245867,-1.73180325735736,-2.352487218097022,-2.2272836579892683,-2.9424403421199603,-3.1717484841584325,-3.7307413327029666,0.6554095417534223,2.064968543650396,-0.6080158604281465,8.57741768439402,6.807973320724525,3.53196395541306,1.4215470448793948,0.19371812047267767,6.846107297197044,-4.057153983653014,3.4235970389831127,1.4521415357374412,8.977729826166936,5.168760845506323,9.745925922384519,-0.5107623431165829
gen=0_member=94,8.741082440767917,5.723711164503966,1.8868229194313457,-3.6268343850755613,-2.6997380468596712,-1.7536890177808107,7.952264507353151,-3.3096823461302503,1.9275673985774056,5.279526448070195,8.683127503088734,8.044243560120151,-3.1245654786945654,6.849725301812834,3.107412267642765,-0.04726911966650782,4.154292330789371,2.8911325607427942,1.7934117614514422,-3.3729607493971825,-3.447191140515266,8.136403176771847,9.541896988407112,4.516730062469518,-2.7998622541086444,-0.8097820893955099,-1.6765554854224032,7.301452113960817,9.66672629333186,7.3274864925699426,-1.7674653728433523,0.40094683934877207,-4.131755970897614,6.750359697269349,-1.967676843921045,8.246845155293363,-0.6991710680709344,4.771552040477255,-1.9996456836161807,0.9644077978066319,6.32288518321605,-4.145504786827378,3.265851907974218,-1.1187084013432984,2.468227521930432,6.487398147530284,8.044545595354322,2.5464319792222483,-1.8409094935602397,7.924660009657181
gen=0_member=95,1.0145719719647524,1.3781389291219943,8.09414096792645,2.8026612628047944,0.5913141616982109,-0.7616356847904617,1.3372074956275082,2.7755173245193836,-0.7518884848059306,0.8581515641327346,5.466161963132288,1.310418674034155,-3.341005817176697,1.4915857385977223,9.01925075343286,1.0499846018764476,5.65686784936349,6.2470536157716285,9.542957013940446,6.721883158645415,9.54236093261845,7.270301086848464,9.303899125126193,-4.918845535403728,-3.618779797649597,-4.947683922811809,9.84613830303116,1.9425183012212237,5.086854309191667,-1.3542433230002864,-3.216384266078837,5.884654155073974,-2.574194219298155,-0.7726756566902333,3.7952967379764058,-4.349748725176309,1.0051696846693243,0.4803461508975593,-3.3100973225961505,7.7984969243176145,1.6457221047413055,-2.353897067321215,0.0003354065960667896,-3.184196991244092,-3.32162012969835,4.926297052994217,-1.5103390029852348,-2.402423888541492,5.128741743998344,7.383018794940906
gen=0_member=96,-3.297180206896008,1.1473979854087535,-1.503236424448637,4.413646172441476,1.9752196141942022,-3.499854729079171,-0.7595803066104221,9.730689520767315,2.855299273466728,9.487927021147453,3.6025118601029327,5.276155895897913,-0.9443214100767685,-0.012370632612650034,0.5447670536545006,-2.3777380840060456,-3.339660197810421,-4.422514464196087,-1.4808036247828196,-3.6618867020396353,-0.20241957989023884,-1.2508908202875042,4.880454552642888,-3.699182929695261,0.418445605861935,8.040891105435778,7.003189358268436,5.272162358741763,5.746373667482597,9.266896766749788,-1.9406472556324323,0.2947906725020628,4.86645264460093,7.745221750213728,7.076500247520558,6.630792553481514,-3.4611493563743245,-0.07689213504561732,-4.809458571153488,-4.670834222095664,-4.9757886763645915,7.731556780773468,6.406762364733492,2.7324304523440617,-3.6375733110249824,-2.395713796954105,8.178632096106519,1.0515086694038205,0.5131311994110126,-2.912328523800237
gen=0_member=97,2.9835904905252963,-2.7498217008200827,4.993596199545047,0.4386496451880362,9.163059085123015,-4.548715444476242,-1.3976498279810037,4.744562586846284,8.464108290970906,2.69886582842253,6.789116479597173,-0.6127933564595409,-0.11160844796069913,0.8860579531319654,8.505362886743853,-4.514909581252078,-4.850964407490192,4.809718674565033,4.98414352632725,4.956483784495738,-0.41539980809690213,-1.8378011208236469,5.461211465492754,3.065419859370799,3.5860522278531093,1.2271428690923116,3.8227856258544115,2.2917228246130312,-0.24499179154029704,6.757969899733919,6.879389696691931,2.4450417675996663,-1.8377631830641623,2.0227463283802223,-2.3108974210984345,2.212829425190116,-2.8548673649257847,-1.2801342504125608,3.3239721907563133,-3.144824932219065,4.4904465570745185,8.05814103977424,3.71058559820772,-4.3611163970900675,5.938300044787015,-0.2613464277426756,9.254292902286396,2.484208042281197,4.462185446358628,0.852992111143271
gen=0_member=98,4.066355219726912,0.32883190212250657,-2.298558749768037,2.502260991904846,-1.291682065882506,1.3125359699719068,8.797660184886094,7.410166032208467,-0.19125824506184141,6.576855198258137,-1.1111562971213291,5.155257357113827,2.287445473025244,0.44163592936237617,3.7520594131577116,5.826903396837725,2.1795773728038474,7.2333183901404325,4.473087490035391,4.103665100295592,-2.3713458042116367,7.958485772026851,6.971074635208712,9.196758743580899,-4.39287580924581,3.9538383832446513,9.558551496266917,4.3954542599445166,5.026729380715215,2.6103135329335556,2.6124008780867936,1.3034379851525646,9.314419573004256,9.595413344524788,2.468988041357626,6.93528940166504,0.39858647392271074,8.423767084780442,8.993690394102313,3.2337844643595126,2.829569453587575,6.290158440705309,5.365178036268944,0.3891965118803755,4.372704261060518,5.762324175656078,3.179408956659012,0.976653447466826,3.2337462349674286,1.0369022311792238
gen=0_member=99,-0.5687057341655617,3.4157770347883663,-1.8995334582890253,-1.3568451965306685,6.059000854314641,4.321323071292515,2.496636490033845,-2.514476056108824,-3.3891626701620705,1.8096410742821618,9.543675390875483,-1.9122756642559744,3.334596889661986,8.025427367488806,1.0264096311627915,5.037081174561706,3.3764085248421267,3.4513491540502734,7.897487393196512,-1.0187927053907577,-1.1381087598968782,9.43798086235623,1.390168474300971,-0.7575965500953092,1.945340502486232,5.7499130366269355,3.5650754224242256,-0.2296692509927558,5.548139379755016,3.870534288258737,-1.6519334372147831,-4.386124128544815,4.193553300147293,-2.7382739656347064,3.63829266995263,8.734648792966206,1.1531201392080854,1.6789416603939422,-0.6868551513237167,8.78512640916417,6.803590307547754,8.600497239729243,4.700957963117796,-4.1244607949894645,-4.476722291904639,3.1716889268488746,9.20373737588293,-3.576013890835797,-4.9495343946917485,2.55065597335789
